0,2.37239,0.281777
1,2.36293,-0.814605
2,2.8377,-0.947337
3,1.80507,-0.257046
4,0.860401,-0.221259
5,0.0389016,0.047429
6,2.15284,0.278253
7,2.59668,1.10042
8,2.36631,-0.102346
9,0.147036,-1.05685
10,2.34866,-0.777308
11,1.33598,-0.927139
12,0.452119,-0.94698
13,1.66555,-0.107815
14,2.42851,-0.855599
15,2.34101,-0.360224
16,2.35924,0.654377
17,0.136714,1.02019
18,2.33624,-0.168702
19,0.935032,-1.29204
20,2.19867,-0.081209
21,1.68682,-0.0222773
22,0.665049,0.216039
23,1.54904,-0.234245
24,2.09577,-0.168842
25,1.36508,-0.955805
26,0.233232,0.695843
27,1.50014,-0.113371
28,3.12729,0.19104
29,1.94477,0.154219
30,2.70575,-0.0485805
31,2.58795,-0.0164276
32,1.39678,-0.389735
33,0.933212,0.0456005
34,1.14628,0.555768
35,0.959708,0.381279
36,2.29052,0.306196
37,2.56435,0.611695
38,2.04861,0.628208
39,1.26468,1.06179
40,1.09253,-0.412692
41,2.31891,0.188882
42,1.10786,-0.807599
43,1.96245,0.186524
44,1.63869,0.227792
45,0.185902,-0.269333
46,2.31013,0.225419
47,1.24253,1.0446
48,2.32681,-0.570143
49,1.66228,-0.851542
50,2.47405,-0.559198
51,0.290397,0.894443
52,1.48295,-0.884783
53,2.17536,-0.841359
54,2.26237,0.211107
55,1.1183,0.567919
56,2.91899,1.4487
57,1.22696,-0.260107
58,2.61467,0.558429
59,2.06945,0.873819
60,0.206227,-0.35871
61,0.920944,-0.167827
62,0.50447,0.780213
63,1.52638,-0.431436
64,2.57255,-0.14313
65,0.25109,0.850952
66,2.48801,0.938267
67,2.68574,-1.24296
68,2.33944,-1.03509
69,0.648227,0.263164
70,1.39109,-0.340997
71,1.12088,0.421037
72,1.06325,0.506645
73,0.514714,0.309112
74,0.255062,-0.200418
75,1.12599,0.0335066
76,2.10989,0.459601
77,1.57635,0.0456283
78,1.24816,0.622938
79,0.589404,-0.305362
80,1.742,-0.992787
81,0.732844,-0.13552
82,1.48679,-0.599934
83,1.87944,1.37822
84,2.83587,-0.242381
85,1.51494,-0.432113
86,1.42158,-0.389047
87,0.908016,-0.0991538
88,2.01439,-1.06525
89,1.60445,-0.301559
90,2.39869,-0.14173
91,0.626339,-1.51717
92,2.00504,-0.474405
93,0.563687,0.924793
94,2.50491,-0.184063
95,0.316873,0.356805
96,3.03315,-0.475858
97,0.23365,0.268075
98,1.80337,-0.699382
99,2.79158,-0.108316
100,0.322213,-0.740742
101,2.85943,-0.0898192
102,2.56493,-0.164899
103,1.34612,-0.360804
104,0.32341,-0.65776
105,0.755796,0.860884
106,1.39538,-0.625137
107,0.509874,-0.712274
108,0.498206,-0.85489
109,0.662228,1.12833
110,1.3383,-0.215371
111,0.420711,-0.835537
112,1.25619,-0.648631
113,0.508493,-0.336186
114,2.6565,0.306635
115,1.0236,1.0206
116,1.22123,0.182048
117,1.59539,-0.155943
118,1.98661,1.05405
119,0.56412,-0.15062
120,2.59707,0.290061
121,0.253097,0.587546
122,1.98771,0.957158
123,0.724354,0.822293
124,0.680344,-0.180174
125,1.30584,0.259126
126,2.90259,0.464777
127,0.895497,-0.690755
128,0.779086,-0.283063
129,0.185823,-0.762422
130,0.139479,-1.31594
131,1.41844,-0.559421
132,0.085485,-0.288979
133,1.72648,-0.710663
134,2.16749,0.616984
135,1.60731,-1.02138
136,0.180666,0.174651
137,3.06188,0.0609834
138,0.533552,0.496523
139,0.324982,0.0601897
140,2.72188,0.990317
141,0.47895,0.59392
142,2.96294,0.0766114
143,2.25828,-0.773275
144,3.08207,-0.90833
145,0.472092,0.716959
146,1.45374,0.417438
147,3.04424,-0.0704916
148,0.0938803,1.14057
149,2.08445,-0.090599
150,0.515642,-0.917233
151,0.477294,0.890569
152,0.477004,-0.540219
153,0.486349,-0.13411
154,1.93416,-0.23951
155,1.92455,-0.386091
156,2.83117,0.465192
157,2.21234,-1.10686
158,0.385776,-0.300775
159,2.85821,-0.89736
160,1.47721,1.52324
161,2.63068,0.691687
162,1.83388,-0.0943323
163,2.69906,0.247898
164,2.01463,-1.19766
165,2.8493,0.634673
166,0.515297,1.23466
167,0.574873,-0.760424
168,1.84358,0.853953
169,1.75681,-1.10511
170,3.05636,1.08687
171,1.69796,-0.882098
172,1.26969,0.733261
173,2.90104,-0.821715
174,0.252998,0.144792
175,0.623689,-0.95391
176,2.07728,0.0478882
177,1.22124,0.357888
178,1.70521,-1.27472
179,1.4753,0.510611
180,2.64045,-0.713295
181,1.57647,0.136185
182,0.0955902,-0.195712
183,2.53278,-1.04185
184,2.96754,-0.0537141
185,1.10434,0.830934
186,1.31035,0.201335
187,2.30225,0.808545
188,1.44711,0.405877
189,0.0608812,-0.225689
190,1.37396,-0.884011
191,2.5793,-0.256299
192,0.485276,-1.10777
193,0.624685,0.160806
194,1.99648,0.286322
195,1.14194,-0.876631
196,2.50731,0.0486099
197,2.42507,1.43344
198,1.44954,0.423532
199,0.371002,-0.326907
200,2.20452,0.335151
201,1.23717,-0.339219
202,0.815525,-0.149762
203,1.7549,-0.233619
204,2.41558,-0.0331043
205,2.6564,-0.280679
206,0.721014,0.179009
207,2.15469,0.26685
208,1.56891,-0.473242
209,1.34585,0.361323
210,0.889995,-0.655683
211,2.09363,-0.469772
212,2.94868,-0.945161
213,2.91361,-0.40266
214,2.59945,0.28817
215,2.65879,0.646251
216,2.76879,-0.674996
217,0.263779,-0.268715
218,0.879098,-0.54276
219,0.993757,-0.618907
220,2.53062,-0.0901413
221,0.488602,-0.234582
222,1.29107,0.930801
223,1.95157,1.39224
224,2.97064,1.10776
225,1.96188,1.01223
226,1.21821,-0.499327
227,1.77336,-0.500524
228,1.33946,0.90174
229,1.5103,0.203236
230,1.57027,0.0597163
231,2.37804,0.121511
232,2.98075,0.142326
233,2.59102,0.502369
234,0.16931,0.106628
235,0.962781,0.160903
236,2.25802,-0.28201
237,2.24621,0.290884
238,0.361649,-0.950996
239,2.64086,0.233577
240,1.33939,1.01636
241,2.95916,-0.207403
242,1.55028,-0.672506
243,0.39909,0.898546
244,2.23415,0.599761
245,2.15615,-0.904845
246,2.00339,-1.22011
247,2.06317,0.319938
248,2.05732,-0.0698385
249,1.91279,0.706361
250,2.62464,-0.318672
251,0.607723,0.0765611
252,0.587007,0.370914
253,0.340243,-0.0311061
254,0.914875,0.11892
255,2.24509,-0.892371
256,0.268034,-0.0297168
257,0.948065,0.875759
258,1.93879,-0.621626
259,1.20954,-0.640751
260,1.2252,0.160066
261,1.43657,-0.581391
262,0.984438,-0.701479
263,1.54968,0.296485
264,3.0356,-0.642621
265,2.56133,0.616773
266,0.747603,0.545458
267,2.22563,0.676266
268,1.56765,-0.215215
269,2.0166,-0.157389
270,2.32314,-1.35816
271,1.26844,-0.714369
272,2.9179,-0.923374
273,3.08297,-0.101153
274,1.11677,1.07212
275,0.861005,0.381239
276,0.431148,-0.14057
277,0.692337,-0.0541738
278,1.6376,-1.0163
279,1.49039,0.708853
280,2.29445,-0.898086
281,0.312873,-0.43918
282,2.49165,-1.06877
283,0.869194,0.88857
284,1.04508,1.19527
285,2.43814,0.29177
286,0.584368,-0.350724
287,3.03479,-1.51761
288,1.18518,0.531189
289,2.48952,0.691981
290,2.31876,0.0723948
291,0.403337,0.0750773
292,2.22074,0.0411519
293,2.72923,0.48828
294,2.06035,1.40986
295,1.41834,0.291488
296,1.30861,-0.366869
297,2.5748,-0.241306
298,0.395699,0.0649551
299,1.47135,0.157774
300,0.677138,-0.167011
301,2.38433,0.808351
302,1.40069,-0.690274
303,1.71023,-0.140269
304,1.0882,-0.473461
305,2.5876,-0.501786
306,2.06871,-0.337727
307,1.12752,0.259286
308,2.43724,0.700782
309,0.0983439,0.01023
310,0.176581,-0.546828
311,0.817189,-0.490358
312,1.16645,0.123586
313,2.68376,-0.976092
314,2.47773,0.362605
315,2.86215,-1.09364
316,1.3694,0.833058
317,0.622715,0.323637
318,2.87177,0.30704
319,0.670049,-0.517718
320,1.01802,0.444396
321,1.48772,-0.178892
322,2.66249,0.073301
323,0.686129,0.0761896
324,1.62091,0.318061
325,1.40093,-0.765258
326,1.29511,0.216377
327,1.03597,-1.03688
328,0.733212,0.0862185
329,2.47287,-0.393631
330,0.997716,1.28975
331,1.79306,-0.656278
332,0.730891,-0.205248
333,3.06739,-0.792941
334,1.65015,-0.717437
335,2.50336,-0.334176
336,2.24074,-0.602183
337,1.43533,-0.540037
338,1.21443,-1.16022
339,2.84966,0.00188183
340,0.179534,0.407109
341,2.19878,0.476846
342,0.339878,1.33908
343,1.87089,-0.743571
344,1.42774,0.760703
345,1.93933,-0.64121
346,1.45157,-0.89093
347,2.21048,-0.0885273
348,1.68396,0.633457
349,2.32691,-0.56158
350,1.8418,0.295185
351,1.79907,-0.0667877
352,1.42819,-1.11073
353,0.0712233,0.29441
354,1.90982,0.653323
355,1.82914,0.510551
356,0.290768,-0.772912
357,0.466141,-0.524637
358,0.232594,-0.260455
359,0.161231,-1.18852
360,1.46199,-0.0040985
361,3.00869,1.2849
362,0.706453,0.153385
363,0.834363,-1.17872
364,0.148029,0.272433
365,1.03731,-0.899915
366,1.54946,1.04449
367,1.39265,1.17738
368,1.06707,0.262096
369,0.717595,-0.945399
370,2.93271,0.690783
371,2.63946,1.37455
372,2.0352,0.99692
373,2.47379,-1.12785
374,2.54646,0.107152
375,0.465702,0.396388
376,0.395618,-0.749265
377,0.0787208,-0.596747
378,0.924458,-0.646825
379,1.51942,0.0134525
380,2.56203,-0.371556
381,1.86749,-0.349668
382,1.97208,0.91201
383,1.16619,-0.238797
384,0.653181,0.085953
385,0.120713,-1.00435
386,3.10967,-0.214472
387,1.92889,0.555671
388,2.07925,0.13105
389,2.59962,0.0388064
390,2.53357,0.572165
391,3.041,0.629496
392,2.34884,-0.65532
393,1.54844,0.938693
394,2.88618,-1.15398
395,0.57588,0.138715
396,2.37296,1.23312
397,1.8493,0.205797
398,1.40007,1.43791
399,1.7282,-0.912336
400,1.55392,1.05196
401,1.61647,-0.602115
402,1.84682,-0.0462985
403,2.60585,-0.694961
404,3.00116,0.159513
405,0.432057,-0.69471
406,2.04418,-0.666024
407,1.18174,1.2016
408,1.86649,0.631008
409,3.01699,0.992742
410,2.80168,-0.389071
411,2.20547,-0.289381
412,0.231465,-0.857986
413,1.42128,-0.70833
414,1.90465,1.09009
415,2.09856,-0.0635082
416,0.906858,0.212375
417,2.85821,0.633502
418,0.540835,0.877941
419,1.55628,0.946302
420,2.28371,-0.545197
421,1.53104,-0.35607
422,1.79653,-0.490492
423,2.70844,0.0833841
424,1.55836,0.17253
425,2.82578,1.07283
426,0.0223169,-0.411022
427,1.10526,0.909487
428,0.553222,0.350744
429,1.81853,0.312445
430,1.32559,0.171627
431,0.845715,0.0423651
432,1.31088,0.283556
433,2.70904,0.0762225
434,2.69394,-0.841847
435,3.04845,0.642632
436,0.482036,0.24538
437,2.63121,-0.676502
438,1.27084,0.000149104
439,2.15499,1.32448
440,0.714721,-0.316927
441,1.09546,1.02762
442,1.39577,-0.772339
443,2.7108,-0.467535
444,0.752843,-0.214526
445,0.447488,0.322061
446,0.838924,1.28426
447,0.815253,-0.908448
448,0.554391,-0.080007
449,0.356451,0.645611
450,1.73321,0.241381
451,2.895,0.0787702
452,1.16603,0.603235
453,2.58927,-0.808054
454,1.40859,0.225457
455,0.850424,-0.619043
456,1.16866,-0.659315
457,0.743973,0.119497
458,2.07073,0.623521
459,2.99308,-0.253455
460,2.16331,-0.627277
461,0.390001,0.562841
462,1.26661,0.488243
463,2.03542,-0.653692
464,2.52352,-0.0746305
465,0.324285,0.225626
466,2.93615,0.594659
467,0.0377138,-0.0172847
468,2.81414,0.395361
469,2.23234,0.0503502
470,2.764,-0.35905
471,0.526911,0.043499
472,0.605575,0.621603
473,1.44957,0.154551
474,0.359746,-0.370072
475,2.37674,-0.487073
476,1.99396,0.728762
477,2.68562,0.0525979
478,1.50788,0.518562
479,0.671366,1.00324
480,1.79805,-0.397743
481,0.629144,0.148804
482,0.879565,-0.357643
483,0.0513082,0.908326
484,1.05615,-0.841543
485,3.13115,-0.120278
486,1.70765,0.213988
487,0.58892,0.966527
488,0.12668,-1.1203
489,0.0452419,0.475437
490,1.30415,0.811007
491,0.27302,0.492042
492,1.17641,0.462178
493,2.66981,-0.439845
494,2.54292,-0.939926
495,0.423075,-0.260026
496,1.68476,-1.03909
497,1.90078,0.622139
498,0.2011,0.0300155
499,0.515959,-0.624723
500,0.171213,1.01648
501,2.18099,-0.180036
502,0.514028,-0.164424
503,1.06051,-0.406759
504,2.18807,0.0559271
505,1.64836,-1.10781
506,2.38337,1.34746
507,1.54753,0.626942
508,1.00282,-0.334975
509,1.90981,0.227766
510,0.141105,-0.550809
511,2.43192,0.364306
512,0.631022,-0.133642
513,0.795259,0.566767
514,0.457234,0.504752
515,0.011707,0.411605
516,2.86905,0.143087
517,1.1181,-0.628472
518,3.03104,-0.997919
519,1.8372,-0.0975448
520,1.75176,0.0307317
521,0.000427805,-0.49613
522,2.70587,0.802952
523,2.02729,-0.926249
524,3.09009,-0.895535
525,2.90575,-0.56058
526,2.99949,-0.00182807
527,3.06174,1.19058
528,2.28148,0.0997916
529,1.45939,-1.11175
530,0.726037,0.245017
531,2.92114,-0.511425
532,1.0883,-0.286871
533,1.4259,0.135767
534,1.82113,-0.892363
535,3.04901,-1.37473
536,1.23772,0.56331
537,1.55728,0.587206
538,0.771195,-0.583468
539,1.96267,-0.250363
540,2.60187,-0.514336
541,1.46154,0.340048
542,1.3334,0.116917
543,2.76706,-0.391633
544,0.356648,0.41885
545,0.878945,0.511345
546,3.13728,-0.0514496
547,2.93518,0.20484
548,0.7302,1.1987
549,2.5642,-0.640302
550,2.75497,0.0699281
551,0.94689,-0.799313
552,2.07014,1.25779
553,1.10606,0.657496
554,2.83764,1.13288
555,0.637379,-1.04908
556,0.493427,0.748188
557,2.19127,0.187414
558,2.72851,-0.760619
559,0.845992,-0.231147
560,1.90491,0.298007
561,1.29577,-0.869318
562,2.55739,0.876679
563,1.48303,0.173377
564,2.70795,1.16593
565,1.58022,-0.664942
566,0.00539168,0.0251641
567,2.70965,-0.372659
568,0.114865,-0.727627
569,1.20712,-1.01807
570,2.85962,0.0602709
571,2.08035,0.626295
572,2.39734,0.556434
573,1.98505,-0.836322
574,0.188885,-0.699905
575,0.437145,-1.32872
576,1.47409,0.740624
577,1.11155,1.32651
578,1.37258,-0.616374
579,1.11656,-1.12549
580,2.76679,0.266289
581,0.00755547,-0.928358
582,3.12512,-0.327704
583,0.389531,-0.337501
584,0.825049,-0.0593556
585,1.51388,0.47141
586,1.17829,1.09485
587,1.95481,-0.521959
588,2.63842,0.441293
589,2.36714,-0.0871585
590,2.66218,-0.130833
591,1.24758,-0.0535766
592,0.0995248,-0.743961
593,1.66542,-0.459601
594,3.07255,0.468941
595,0.564154,0.0446561
596,1.91575,-0.0313469
597,2.68728,0.434144
598,1.9184,-0.168759
599,0.10552,-0.306645
600,1.37755,0.516547
601,1.99037,-0.824656
602,1.37808,-0.0132581
603,0.0290105,0.680071
604,0.873532,-0.461449
605,2.71583,0.128275
606,2.16882,0.680889
607,2.91931,-1.22165
608,2.20288,-0.688332
609,2.25352,0.931509
610,2.0722,1.13223
611,0.855696,0.112514
612,1.30861,0.755101
613,2.70782,0.402308
614,0.902082,0.161532
615,0.289599,-0.101958
616,3.00108,-0.324522
617,0.490824,-0.567911
618,1.95825,0.82642
619,2.42247,-0.108443
620,3.13172,0.433669
621,2.19028,-0.257816
622,0.468957,0.303409
623,0.374182,-0.441115
624,1.50193,-1.14425
625,2.02421,0.318613
626,2.12737,-0.104074
627,0.761738,1.15958
628,2.83265,-0.756897
629,0.172746,-0.508344
630,2.30258,-0.389251
631,0.103208,0.821114
632,3.10648,-0.0510112
633,2.14023,-0.520037
634,0.372159,0.368612
635,1.68766,-0.517859
636,0.829069,0.428706
637,1.60675,-0.23939
638,1.7723,0.72573
639,2.96041,0.846161
640,1.11803,0.816457
641,2.20232,-0.45671
642,1.42549,1.00801
643,1.3413,-0.924301
644,1.65537,-1.15947
645,1.28856,0.671851
646,0.606531,-1.36114
647,2.45879,-0.0384402
648,0.995832,0.977234
649,2.69523,-0.536558
650,2.82097,1.29729
651,0.834759,-0.635198
652,1.66474,-1.32615
653,1.90361,0.385631
654,1.29699,0.40269
655,2.82086,-1.02781
656,1.83267,0.489647
657,2.19597,0.882739
658,1.16801,0.113079
659,1.69674,-0.0970154
660,1.36522,0.446196
661,1.61954,0.564052
662,2.68756,1.21371
663,3.0207,1.02719
664,1.84414,-0.0280651
665,2.66311,-0.0797279
666,3.1159,-0.598593
667,2.89885,1.10724
668,1.3845,-0.267393
669,1.84129,0.906654
670,0.492493,-0.232093
671,3.12981,-0.0834103
672,0.918784,-0.267363
673,1.32893,-0.585027
674,1.37408,0.75419
675,0.370437,-0.24775
676,0.397061,0.49089
677,1.73931,-0.699928
678,2.47722,1.16842
679,1.86941,0.444709
680,0.375564,0.496801
681,1.05946,-0.196599
682,0.465222,0.319915
683,1.38537,0.839318
684,1.22518,-0.962244
685,0.224314,0.510579
686,1.34091,0.986758
687,1.29778,1.35764
688,0.0562587,0.359617
689,0.185979,0.949291
690,0.221656,-0.810145
691,0.515221,1.42145
692,1.1748,-0.197728
693,1.21197,0.0742905
694,2.62897,-0.18276
695,1.80028,-0.232485
696,2.2512,0.0427834
697,2.01486,-0.489344
698,2.60802,-1.16372
699,0.138544,0.0270962
700,0.0381176,-0.478098
701,1.96406,1.02116
702,1.56267,-0.646604
703,0.626864,0.629912
704,2.93123,0.166553
705,0.604844,1.08267
706,2.34052,0.696599
707,0.801197,-0.606721
708,1.00342,0.613899
709,2.57166,-1.02121
710,3.04343,-0.678514
711,0.947329,0.851171
712,1.93257,0.165012
713,0.765423,0.824793
714,0.935896,0.891991
715,2.60479,0.187124
716,0.401479,-0.70615
717,0.421711,0.98097
718,0.201753,-1.19005
719,3.07964,0.6135
720,0.241654,0.579245
721,1.78917,0.510285
722,1.64263,-0.793132
723,2.5003,0.674939
724,0.181236,-0.216615
725,2.20304,-0.30364
726,2.71005,0.354248
727,2.85672,0.105566
728,0.0294154,-1.17268
729,1.43499,0.0665849
730,0.552978,-1.39053
731,2.35565,-0.779288
732,0.648435,-0.358068
733,0.952914,0.831407
734,2.1283,-1.02693
735,0.582781,0.697312
736,2.0933,0.0257552
737,0.333257,0.17442
738,1.49539,0.631675
739,0.531436,-0.877088
740,1.99924,-0.742394
741,1.86215,-0.773898
742,0.17657,-0.469025
743,2.63356,0.360196
744,0.195744,-0.242733
745,0.919082,-0.0927377
746,1.92216,0.367314
747,1.0196,-0.824753
748,1.79574,-0.529729
749,1.83698,-0.911448
750,2.0273,-0.0410946
751,0.912506,0.953929
752,0.705198,0.818066
753,2.22802,-0.124588
754,1.09247,1.34258
755,0.421072,-0.27357
756,1.77763,0.426518
757,2.13129,-0.408119
758,3.02031,0.102581
759,2.46521,-0.0333698
760,0.514531,1.07084
761,0.83817,0.215338
762,2.22963,-0.24183
763,0.451177,-0.0653428
764,0.281728,0.66872
765,1.78498,0.715034
766,0.704503,-0.497192
767,0.900258,-0.720919
768,0.943316,-0.21434
769,2.34542,-1.24809
770,2.26792,0.307968
771,0.8298,-1.23875
772,0.501854,0.975928
773,0.986234,0.251905
774,2.45159,0.622261
775,1.98099,0.957708
776,2.567,0.0696134
777,2.17332,-0.865664
778,0.798355,-1.02017
779,2.77255,0.485418
780,1.72283,-0.945007
781,2.86224,0.256034
782,0.918037,0.441229
783,2.69903,0.231338
784,1.66867,-0.983879
785,1.18869,-0.178634
786,0.712298,0.213528
787,1.8399,-0.992232
788,2.59106,-1.11973
789,2.46918,-0.547566
790,2.06801,0.830839
791,2.70644,0.494081
792,0.205651,0.631635
793,1.17075,0.758364
794,1.35063,-0.588608
795,0.749518,-0.937726
796,1.20516,0.25022
797,2.61677,0.690057
798,0.538754,-0.153994
799,1.5164,0.535621
800,2.58657,-0.936953
801,0.226511,0.852704
802,1.33332,0.073738
803,2.8447,1.17628
804,1.48347,0.158256
805,2.13458,-0.00546146
806,1.17653,-0.929943
807,2.95842,-1.43625
808,1.00727,-0.0132072
809,0.267297,0.547584
810,2.90535,1.04969
811,2.46996,-0.338808
812,0.378863,-0.741821
813,1.17514,0.24989
814,2.31571,-1.41288
815,0.355287,-0.650495
816,2.11612,-0.0527355
817,2.78191,-0.899272
818,2.18385,-0.18045
819,0.35273,0.548957
820,1.47537,-0.609319
821,2.04695,-0.0168701
822,1.78403,-0.092104
823,2.24315,0.940138
824,3.02299,0.77899
825,0.271727,0.933833
826,1.32416,0.238337
827,0.348643,-0.463289
828,0.482008,-0.671642
829,2.55942,0.108353
830,1.05751,0.656112
831,0.484499,0.745435
832,0.243468,0.617729
833,1.36417,1.03227
834,2.70971,0.429097
835,0.538688,0.423786
836,1.70011,-0.0105388
837,2.19876,-0.964098
838,2.55629,-0.438567
839,0.538411,-0.444629
840,2.38659,0.371568
841,1.68472,0.18228
842,0.0781979,1.03624
843,1.99422,-0.179841
844,0.37336,0.806211
845,0.0960206,0.727814
846,0.0695485,0.888396
847,1.27686,-1.09883
848,0.816771,0.756169
849,1.84154,0.190989
850,0.276715,0.308889
851,0.61451,-0.0544043
852,1.98226,0.216793
853,2.34804,0.115378
854,2.26852,-0.727212
855,0.981663,-0.592026
856,0.918049,0.696167
857,0.53233,-0.437482
858,2.23912,-1.24356
859,1.47059,0.936844
860,1.66168,-1.26934
861,1.28677,0.306727
862,3.00478,-0.856763
863,0.022261,0.171209
864,1.3003,0.489447
865,3.03196,-0.19482
866,1.07861,-0.196539
867,2.65755,-1.09485
868,2.26998,0.496027
869,1.82083,-0.733865
870,1.86338,0.178533
871,1.63141,0.471251
872,2.10979,-0.197718
873,3.04286,-0.0130376
874,0.323917,0.729014
875,0.655167,-0.887593
876,2.46719,-0.357571
877,0.21684,-0.489678
878,0.710931,1.18697
879,0.944667,0.582417
880,2.11981,1.35556
881,0.454548,0.595341
882,1.00476,0.24673
883,1.83438,-0.0821486
884,0.0259242,0.599523
885,2.40475,-1.32552
886,2.2388,-0.377629
887,0.930063,-0.384899
888,0.92101,-0.454192
889,1.61399,0.893394
890,2.2084,0.726962
891,1.32915,-1.04225
892,1.27411,-0.523622
893,1.39596,-1.24579
894,0.407633,0.848589
895,0.162104,0.310317
896,0.0718688,-0.0608908
897,0.775312,0.507821
898,0.284738,-0.188964
899,0.98337,0.471982
900,1.47836,-0.352319
901,1.35459,0.0996627
902,2.47843,-0.0707878
903,0.572029,-0.634181
904,2.08502,-0.507796
905,1.42827,0.127897
906,2.80323,-0.089182
907,1.98047,-0.588673
908,3.06922,-0.311468
909,3.06169,-0.273541
910,1.761,-1.45191
911,2.39648,-0.831132
912,2.3221,-0.127943
913,0.627097,-0.662556
914,1.73318,-1.01588
915,2.71493,0.117024
916,0.229343,0.33166
917,1.5025,-0.265369
918,1.10521,0.559782
919,0.623933,-0.520189
920,1.07354,-0.347158
921,2.53054,-1.04687
922,1.36911,0.950475
923,0.246028,1.10776
924,0.657674,-0.223046
925,2.1627,-0.117393
926,3.12335,-0.373557
927,1.36595,1.42669
928,1.76016,-0.522056
929,0.743083,0.00704999
930,1.18893,1.1185
931,0.658326,0.499079
932,0.713322,-0.0895092
933,2.21444,0.157165
934,1.84929,-0.506412
935,1.87218,0.732804
936,0.757811,0.569458
937,2.75202,-0.329989
938,0.526126,-0.558768
939,0.5912,-0.591301
940,2.36245,-0.859138
941,3.13546,-0.852369
942,0.491061,-0.592599
943,2.1906,1.0972
944,2.24022,-0.348297
945,1.96571,-1.1551
946,0.859918,0.0440075
947,2.25715,0.150968
948,2.85593,0.0345452
949,0.139369,-0.51948
950,2.0241,0.0970717
951,2.70352,-0.00389192
952,0.00371527,-0.0500746
953,1.25144,1.12156
954,2.35039,0.533712
955,2.90652,1.01877
956,2.46349,0.420644
957,2.1383,-0.607026
958,1.6497,0.0281954
959,1.69997,-1.17511
960,1.82921,1.17603
961,1.60373,-0.675655
962,1.1249,-0.73815
963,2.9325,-0.450004
964,1.01193,0.282569
965,1.86963,0.590102
966,0.093147,-0.752661
967,2.05359,0.521554
968,1.98786,0.443552
969,1.16517,0.251795
970,1.78649,0.128449
971,0.8153,1.09585
972,2.98818,1.07267
973,2.12531,0.353689
974,1.43863,0.543695
975,2.67514,0.302462
976,2.39922,0.478999
977,3.07335,1.37137
978,0.131106,0.662984
979,2.92456,-1.16983
980,2.71355,-0.114718
981,2.73958,-1.14239
982,0.0689244,-0.346394
983,2.49153,-0.448017
984,2.78546,-0.0817828
985,0.246764,-0.443675
986,2.69251,-0.701075
987,0.31863,0.543229
988,2.93255,1.04381
989,0.291044,0.466904
990,2.53488,1.32816
991,2.4128,-0.517707
992,1.42365,-1.04168
993,1.10393,-0.610675
994,1.47337,0.667775
995,0.447184,-1.4006
996,1.26442,0.2827
997,0.290735,0.290198
998,2.7533,0.627439
999,2.07205,0.393522
1000,0.426083,0.230588
1001,2.77492,-0.407179
1002,1.5631,-0.0325753
1003,1.33727,-0.595489
1004,1.17312,-0.701498
1005,3.09579,-0.486768
1006,0.07297,0.612471
1007,2.47547,0.23341
1008,2.58874,-0.283374
1009,2.34995,0.357168
1010,0.921545,-0.959875
1011,0.826056,0.511349
1012,0.0581989,-0.165785
1013,2.89749,-0.0575544
1014,0.206858,-0.618186
1015,1.68567,0.635638
1016,1.75373,0.0696082
1017,0.281305,1.01805
1018,2.40913,-0.664942
1019,1.60606,0.190486
1020,3.11659,0.576306
1021,1.64698,-0.0470123
1022,1.88857,-0.243176
1023,1.10555,0.952229
1024,1.89243,0.299281
1025,1.69553,0.87613
1026,2.05623,0.365171
1027,0.930465,-0.0754213
1028,0.405738,0.402592
1029,3.09395,-0.502528
1030,2.46371,1.06229
1031,1.44837,-0.0321673
1032,1.67513,1.35138
1033,2.93464,1.29319
1034,2.28804,-0.413666
1035,1.4701,-0.490312
1036,1.81738,-1.23023
1037,0.755922,0.142405
1038,0.173854,-0.834886
1039,0.014383,0.869336
1040,2.01568,0.0161974
1041,1.7659,-1.16108
1042,2.69914,0.217622
1043,3.1088,-0.386125
1044,3.11148,-0.378341
1045,0.360741,0.00784286
1046,0.142662,-0.819786
1047,3.1101,-0.218243
1048,1.85371,-0.492458
1049,1.03357,-0.674547
1050,2.73435,1.29705
1051,0.308247,1.06248
1052,2.15897,-0.00856672
1053,0.719577,-0.140814
1054,1.95367,0.555615
1055,1.25066,0.420015
1056,0.316455,-0.225002
1057,0.758143,-0.502299
1058,0.407248,0.676387
1059,1.54727,0.310385
1060,1.34842,-0.441071
1061,0.897945,0.514736
1062,1.49205,0.820235
1063,2.3033,0.503827
1064,0.28539,0.534888
1065,2.02185,-0.0762732
1066,0.381692,-0.829374
1067,1.29249,0.901416
1068,0.920677,0.488635
1069,2.43711,0.775319
1070,1.87138,-0.465046
1071,1.65326,-0.621998
1072,1.7042,-1.01178
1073,2.53781,0.989389
1074,2.34044,0.0830443
1075,2.92636,0.0072044
1076,1.70641,-0.873114
1077,0.706926,1.00192
1078,2.00196,0.785915
1079,1.61355,-1.01744
1080,3.07544,-0.251267
1081,1.58199,0.67321
1082,2.9717,1.15117
1083,2.74356,0.0983284
1084,1.90983,-0.466773
1085,2.88844,-0.552303
1086,1.27216,0.719113
1087,0.280892,0.430171
1088,2.21712,-0.197211
1089,2.13761,0.44273
1090,1.26525,0.639077
1091,2.25877,0.0530003
1092,0.141923,-0.0372617
1093,3.09171,-0.428863
1094,0.780764,-0.03332
1095,3.04758,-0.0796066
1096,0.73376,0.208485
1097,0.247361,-0.398354
1098,2.6811,-0.805091
1099,1.79972,0.76055
1100,2.39611,0.373045
1101,1.73578,0.0592753
1102,0.285007,-0.509013
1103,2.74932,0.467137
1104,0.256061,0.411328
1105,0.042635,-0.149724
1106,2.00178,1.25
1107,1.94127,-0.922193
1108,2.66656,1.46922
1109,2.46728,-0.166231
1110,2.60787,0.627289
1111,0.47146,0.20608
1112,2.20848,1.39044
1113,3.09511,-0.242574
1114,1.50265,1.4112
1115,2.52157,-0.774479
1116,0.189079,0.909924
1117,2.33175,1.13876
1118,2.64125,-0.0604093
1119,2.908,0.573553
1120,2.41969,-0.801223
1121,2.28563,0.704414
1122,0.389576,1.12532
1123,2.35959,-0.0505802
1124,1.42574,-0.281314
1125,2.95215,-0.761881
1126,2.30548,1.1346
1127,1.19329,0.649952
1128,1.59741,-0.532924
1129,1.74745,0.541986
1130,0.143567,0.0494519
1131,1.61746,0.106216
1132,0.200601,-0.501044
1133,1.19686,1.13238
1134,0.528382,-0.361786
1135,0.238824,0.753998
1136,2.12574,-1.1777
1137,2.40148,-0.40416
1138,0.985674,-0.499153
1139,2.35485,0.507807
1140,2.45016,-0.408525
1141,0.0661964,-0.991912
1142,0.598845,0.140509
1143,0.928428,-0.0750917
1144,2.86669,-1.13674
1145,2.05655,0.775515
1146,1.62192,0.170729
1147,2.89828,0.118402
1148,0.649506,1.52287
1149,2.40072,-0.554218
1150,2.61122,1.4045
1151,2.41461,0.204484
1152,0.0112607,0.949824
1153,1.3485,-0.000682298
1154,1.14526,1.02706
1155,1.21561,0.733448
1156,2.01368,-0.311504
1157,3.00759,0.530808
1158,0.53381,-0.150246
1159,2.34885,-0.315299
1160,1.6306,0.396491
1161,3.09612,-0.367787
1162,1.06044,0.0846528
1163,0.930177,-0.150203
1164,2.11194,0.856684
1165,1.79147,-0.423147
1166,0.213944,-0.546161
1167,1.97253,-0.28928
1168,1.57516,-1.40179
1169,1.36535,0.0403671
1170,1.85515,0.790214
1171,1.40867,0.957783
1172,0.717647,0.406954
1173,2.15017,-0.605568
1174,0.735904,0.717521
1175,0.0828182,0.0448102
1176,1.76063,-0.942564
1177,0.512325,-0.523859
1178,1.51211,1.09822
1179,1.96216,0.617703
1180,2.56287,0.418632
1181,1.74225,-0.64155
1182,0.29102,-0.705313
1183,0.0209478,-0.749367
1184,0.918284,-0.596192
1185,2.37171,-0.454965
1186,1.27916,0.0303068
1187,1.57865,1.14422
1188,2.07592,0.0227798
1189,2.73553,-1.05555
1190,2.16491,-1.03393
1191,1.76719,0.0601618
1192,2.56287,-0.189971
1193,0.993412,-0.375751
1194,2.60037,0.0355944
1195,3.00431,0.329922
1196,2.29929,0.365143
1197,2.51238,1.05832
1198,2.24799,0.0648469
1199,3.01286,-0.126768
1200,0.740702,-0.441991
1201,1.8828,-0.384481
1202,0.231153,0.62762
1203,0.803252,-1.30692
1204,3.06721,0.379438
1205,1.91265,-0.665565
1206,0.107699,0.380144
1207,0.174511,0.488815
1208,0.444401,-0.623634
1209,2.22078,0.0324081
1210,0.445431,-0.343019
1211,1.30813,0.345692
1212,2.52262,0.723889
1213,3.09423,0.700641
1214,1.18319,-0.748046
1215,2.3609,-0.98909
1216,0.254216,-0.15237
1217,2.8625,-0.985513
1218,0.491442,-0.489914
1219,2.51195,0.0781619
1220,2.24223,-0.131778
1221,1.83534,-0.158643
1222,0.403444,1.15986
1223,2.42136,0.365835
1224,0.903723,-0.189328
1225,2.25847,0.137252
1226,3.03579,-0.04843
1227,1.53267,0.0348937
1228,0.0265515,-0.00436816
1229,0.909438,-0.658908
1230,3.09816,1.17547
1231,0.210846,-0.44355
1232,2.25693,0.134629
1233,3.12686,-1.25336
1234,1.43148,-0.414511
1235,2.66324,0.565041
1236,2.08166,-0.180026
1237,1.76747,0.711454
1238,1.81132,0.797705
1239,2.45366,-0.74452
1240,2.41943,0.359338
1241,0.924867,-0.156669
1242,0.792933,-0.563174
1243,2.37888,-0.00920752
1244,3.01824,-0.823668
1245,1.42801,-0.237811
1246,1.57762,0.289903
1247,0.714004,-0.768819
1248,1.81748,-0.537156
1249,2.2197,0.162901
1250,2.55124,0.46593
1251,2.89674,0.16744
1252,1.83956,-0.0322115
1253,0.000823718,-0.494795
1254,1.93955,-0.121532
1255,1.9444,0.576956
1256,2.2793,1.38991
1257,1.06254,-1.06926
1258,2.64339,-0.612146
1259,0.14158,-0.249704
1260,2.76651,0.738746
1261,1.19478,0.583935
1262,0.807569,0.825003
1263,2.25779,-0.790068
1264,2.78025,0.495362
1265,1.5026,-0.508751
1266,2.81722,0.834793
1267,2.67134,0.931328
1268,2.11557,-0.217776
1269,2.10636,0.809869
1270,0.963097,0.900172
1271,1.81215,0.71744
1272,2.76204,0.209298
1273,0.333373,-1.14653
1274,2.53345,-0.0922275
1275,1.19943,0.0703938
1276,2.33895,0.273467
1277,1.1005,0.398828
1278,2.68126,0.297253
1279,1.60663,-0.125507
1280,1.47171,-0.589265
1281,0.0347448,-0.6433
1282,2.41122,-0.804375
1283,0.551725,-0.14083
1284,2.6822,-0.419857
1285,1.57873,0.108377
1286,1.65898,-0.150207
1287,1.25013,-0.517753
1288,0.292907,-0.552517
1289,0.019238,1.03431
1290,1.95753,0.935059
1291,0.627802,0.429341
1292,2.75539,0.616567
1293,0.489358,0.721063
1294,0.163037,0.874033
1295,1.31826,-0.361479
1296,2.89166,0.930759
1297,0.976062,1.30094
1298,0.269936,0.929637
1299,1.78624,-0.335872
1300,1.35901,0.263241
1301,0.0168494,0.147714
1302,2.51036,-0.593253
1303,1.57809,0.229158
1304,0.058004,-0.739889
1305,1.91591,0.0204276
1306,2.47041,-0.243729
1307,0.319029,-0.921268
1308,2.00519,0.248401
1309,2.0741,-0.272758
1310,1.05122,0.628792
1311,2.35151,0.637663
1312,2.36016,0.395915
1313,2.29853,1.01486
1314,2.71425,0.0289036
1315,0.129575,-0.179402
1316,0.639404,0.153469
1317,1.66001,-0.743514
1318,1.88733,-0.463351
1319,2.42422,0.528763
1320,0.129311,-0.479722
1321,0.954752,0.287834
1322,2.74848,-0.843948
1323,2.7619,-0.250945
1324,2.75153,1.372
1325,2.20828,-0.320734
1326,1.73686,-0.428141
1327,2.2846,0.316883
1328,1.61809,0.620166
1329,1.42893,0.223283
1330,1.99781,-0.269167
1331,1.90838,0.265444
1332,2.7606,-0.916524
1333,2.40993,-0.27023
1334,2.86102,0.343191
1335,0.0311501,-0.716043
1336,0.740966,-0.0517178
1337,1.78755,0.830686
1338,2.7539,-0.326375
1339,1.65763,-1.25179
1340,2.61367,-0.18561
1341,0.157872,0.88716
1342,1.2614,0.605652
1343,2.53748,-0.61053
1344,1.1953,1.29312
1345,1.20789,0.40045
1346,2.02563,1.04767
1347,2.3485,0.6363
1348,0.0630443,0.108689
1349,1.80209,-0.0162581
1350,3.09062,0.328617
1351,2.31199,1.26249
1352,2.0367,-0.159537
1353,3.09275,-0.257459
1354,2.72714,-0.380103
1355,0.351903,-0.180093
1356,2.74278,-0.788414
1357,0.418143,-1.2236
1358,2.36552,-0.63278
1359,2.64679,-1.1858
1360,0.996994,0.921541
1361,2.34357,-0.857985
1362,0.502573,-0.203167
1363,2.8295,0.349539
1364,3.08656,-1.15353
1365,0.609251,1.45917
1366,0.459389,-0.649375
1367,1.14994,0.802554
1368,1.42945,-0.606587
1369,1.94276,-0.20342
1370,0.306459,0.870988
1371,0.985892,-0.999505
1372,1.68383,0.923621
1373,2.57361,0.306964
1374,0.457745,0.971018
1375,2.7529,1.42415
1376,1.15154,1.18969
1377,0.684476,-1.08669
1378,1.59343,-0.137892
1379,1.32994,-1.08301
1380,1.20364,-1.14971
1381,1.71374,-0.0935462
1382,2.82851,-0.0680172
1383,2.07088,0.821882
1384,0.874446,0.442808
1385,1.33257,-0.645114
1386,1.59711,0.0489183
1387,2.70653,-0.216854
1388,2.91329,0.248937
1389,0.477566,0.393808
1390,2.77024,-0.37619
1391,0.400018,0.661978
1392,2.06388,-0.0451651
1393,2.0774,-0.483739
1394,2.7508,0.153687
1395,2.717,0.374017
1396,2.31012,-0.903903
1397,2.59155,0.32428
1398,3.02618,0.300371
1399,2.82991,-1.08816
1400,0.663306,-0.391058
1401,0.752866,-0.880695
1402,0.49018,1.18566
1403,1.3141,-0.867636
1404,2.03892,-0.219233
1405,1.23637,-0.224967
1406,1.94977,-0.01554
1407,2.22279,-0.42099
1408,1.93829,-1.08568
1409,0.350006,0.573419
1410,0.813389,0.742601
1411,0.98916,0.839657
1412,1.37048,0.37805
1413,2.23891,-0.462177
1414,0.231352,0.274471
1415,1.7507,-0.962989
1416,1.57847,-0.895687
1417,2.58424,-0.947629
1418,0.0383857,-0.462008
1419,1.90348,-0.112497
1420,0.575862,-0.332472
1421,2.05843,0.805713
1422,1.8782,-1.47404
1423,2.10804,0.886057
1424,0.812506,0.269884
1425,0.528269,1.20527
1426,3.05247,-0.582744
1427,2.38167,0.149757
1428,0.10437,-0.00870009
1429,0.927085,-0.0968245
1430,2.37515,0.319462
1431,0.166699,0.60522
1432,2.4619,0.978318
1433,0.141545,-1.12792
1434,2.10813,-0.64762
1435,1.0192,-0.779853
1436,0.2296,0.801724
1437,1.33949,0.345116
1438,1.39626,0.627038
1439,2.38642,0.0588067
1440,1.32338,0.814881
1441,2.54866,0.623266
1442,1.91073,0.260758
1443,1.17072,0.38399
1444,0.355659,-0.0857733
1445,1.82303,-0.304412
1446,2.02729,0.504769
1447,0.0271127,0.0787468
1448,0.49359,-0.314257
1449,2.8891,0.284568
1450,2.43454,0.0124147
1451,1.99513,-0.49156
1452,2.57185,-0.652695
1453,2.37936,-0.357285
1454,0.590126,0.180337
1455,3.12086,-0.257945
1456,2.20019,-1.15971
1457,0.852215,0.307907
1458,2.00364,0.453085
1459,1.66544,0.479779
1460,2.45872,0.541959
1461,1.54511,-0.805001
1462,1.15802,-0.911509
1463,0.739826,0.503462
1464,1.26193,-0.657335
1465,0.08827,-0.893221
1466,2.18334,-0.597471
1467,2.71696,-0.512686
1468,0.839649,0.920636
1469,2.62774,-0.273238
1470,1.28524,-0.28879
1471,2.27085,-0.536799
1472,2.71635,0.832875
1473,0.789741,-0.151836
1474,2.45086,-1.04903
1475,1.51895,1.22523
1476,0.70912,-0.183979
1477,3.11292,-0.554066
1478,1.73761,-1.23109
1479,2.64786,1.02606
1480,1.18445,-0.821157
1481,1.86378,-0.425763
1482,0.928575,0.631543
1483,1.27707,0.414053
1484,2.60616,1.30501
1485,0.320032,-0.776042
1486,0.193998,-1.29856
1487,1.61754,-0.607858
1488,0.0291194,0.270351
1489,1.36199,0.847388
1490,3.12396,-0.110201
1491,0.0758584,-0.483139
1492,2.45541,0.232495
1493,0.123565,1.09822
1494,2.68697,0.0183021
1495,0.408297,0.907753
1496,2.93192,-0.511034
1497,0.991623,0.120363
1498,0.631534,-0.434227
1499,1.26349,-0.505689
1500,0.48364,-0.591946
1501,0.241014,-0.981042
1502,2.26725,-0.781499
1503,1.60243,-0.14675
1504,0.511213,0.695184
1505,0.360839,0.503727
1506,2.50896,-0.240828
1507,0.200013,0.590654
1508,1.71968,-0.505397
1509,1.7048,-0.80398
1510,3.10962,0.469818
1511,1.08079,-0.118018
1512,2.26528,0.666922
1513,0.488455,0.454693
1514,0.197478,0.273129
1515,1.44398,-0.324314
1516,1.49088,0.197775
1517,0.0236526,-0.159742
1518,1.72021,-0.64787
1519,1.86651,-0.0908578
1520,2.27853,-0.652477
1521,1.58422,0.0320652
1522,2.05953,0.794619
1523,0.933384,0.770696
1524,1.13767,0.342283
1525,0.704961,-0.528382
1526,1.51216,0.151978
1527,2.65344,-0.0152251
1528,0.545689,0.29671
1529,1.3639,0.211228
1530,1.05639,1.08171
1531,0.309621,-0.991807
1532,2.5987,-0.0811951
1533,1.05334,-1.14723
1534,2.46493,0.941467
1535,0.455773,0.625438
1536,0.715638,-1.07766
1537,2.40679,0.527187
1538,0.0965494,0.17822
1539,2.32027,-0.803928
1540,2.23174,-0.549474
1541,2.97754,0.953319
1542,2.56495,1.32667
1543,2.96942,-0.137132
1544,3.10834,-0.659494
1545,1.00515,0.678985
1546,2.94704,-0.279328
1547,2.15072,0.226244
1548,1.7585,-0.367494
1549,1.27647,0.405352
1550,1.69479,-0.618795
1551,0.614146,1.40319
1552,2.41733,-0.682448
1553,0.741513,0.047498
1554,2.22277,-0.646559
1555,1.57019,-0.610024
1556,0.504267,-0.608338
1557,2.12031,-0.353479
1558,0.0685178,-1.27111
1559,1.78148,-0.265401
1560,0.347086,-0.250134
1561,2.94826,-0.476824
1562,2.99548,-0.591073
1563,1.59052,-0.627881
1564,1.5166,0.288959
1565,2.29395e-05,-0.880834
1566,1.30543,0.140336
1567,3.09543,0.194336
1568,0.905568,0.539397
1569,0.355589,-0.184331
1570,1.99956,-0.676812
1571,2.88376,0.342776
1572,0.421596,-0.594819
1573,0.125652,-0.499539
1574,1.50405,0.32749
1575,0.893771,0.32009
1576,2.76407,-0.632633
1577,2.30415,-1.17178
1578,1.99803,-0.626449
1579,2.78013,0.821933
1580,2.3603,0.901261
1581,1.04889,0.76495
1582,3.05482,-0.12316
1583,0.958417,0.332052
1584,1.91305,0.0310453
1585,0.28576,-0.125651
1586,1.88741,0.00897418
1587,2.28758,-0.533733
1588,1.83642,-0.112806
1589,1.25246,1.15723
1590,1.40636,-0.267268
1591,0.280474,-0.968679
1592,1.74287,-0.96762
1593,2.41281,-0.318685
1594,2.31714,-0.505124
1595,0.493195,-0.0559892
1596,2.15756,0.0499817
1597,1.62101,1.28747
1598,0.818573,0.102102
1599,1.03217,0.372121
1600,2.60331,-0.609391
1601,2.60181,0.459186
1602,1.82339,-1.11706
1603,2.40109,-0.244411
1604,2.32999,0.710108
1605,0.309033,0.699315
1606,2.1486,-0.448821
1607,2.67554,1.15977
1608,1.90006,0.0655578
1609,1.51477,0.593536
1610,1.8673,0.229104
1611,3.03316,-1.04333
1612,0.922189,0.164427
1613,0.696732,0.68258
1614,0.877735,0.286765
1615,2.42256,-0.133499
1616,1.11904,0.241504
1617,0.578936,-0.931811
1618,1.82867,0.527014
1619,0.492281,0.829679
1620,2.30833,0.929975
1621,0.050533,0.17723
1622,1.12974,-0.695962
1623,0.941209,0.923227
1624,0.198966,-0.471383
1625,1.55049,0.531567
1626,1.89293,-0.379721
1627,2.4442,-0.426469
1628,0.369011,1.1445
1629,0.862203,0.522871
1630,0.179241,0.821975
1631,1.83674,0.205641
1632,0.920522,-0.486656
1633,0.343492,1.44443
1634,0.383353,0.275937
1635,2.63465,-0.218259
1636,2.56327,0.193621
1637,1.04728,0.739276
1638,3.00044,0.454859
1639,0.090396,0.26988
1640,0.677692,1.12768
1641,1.39905,-0.809059
1642,1.75783,0.537335
1643,1.01073,-0.739822
1644,3.11071,0.0796599
1645,0.405746,0.417425
1646,1.06125,1.24819
1647,2.23364,-0.377982
1648,2.66184,-0.0191866
1649,2.97873,-0.735135
1650,2.07828,-0.381248
1651,2.23343,-0.503989
1652,2.64283,0.274808
1653,3.07211,0.177657
1654,1.49343,-0.567766
1655,2.07415,0.200036
1656,2.00187,0.502553
1657,2.93832,0.173917
1658,1.0414,-0.17044
1659,2.93061,0.399424
1660,0.585517,-0.344497
1661,1.74481,0.438798
1662,2.78413,-0.0883627
1663,0.907223,0.159986
1664,2.84799,-0.321863
1665,1.88806,-0.0825306
1666,1.15637,-0.306242
1667,2.49206,-0.0412281
1668,2.66278,-0.869483
1669,0.40082,0.600491
1670,0.865937,0.373537
1671,2.79699,0.362222
1672,3.07474,1.39037
1673,2.6093,0.916212
1674,2.09246,-0.764991
1675,0.797571,-0.739456
1676,0.248245,-0.894552
1677,0.596892,0.062641
1678,3.01938,-0.418765
1679,0.188747,-0.344998
1680,2.68485,-0.420904
1681,1.77379,0.386191
1682,3.09905,-0.294078
1683,0.437327,-0.276536
1684,1.97345,0.841775
1685,1.46832,-0.717517
1686,2.39062,0.633621
1687,1.6145,0.410663
1688,0.796239,-1.41649
1689,1.33751,0.695522
1690,1.12459,-0.292769
1691,0.203258,-1.04364
1692,1.38169,-0.0959731
1693,1.53278,0.0862647
1694,0.130072,0.934697
1695,1.24862,-0.432795
1696,2.63533,-0.629385
1697,2.03771,0.690721
1698,2.85958,-0.005019
1699,1.15752,0.486946
1700,0.136408,-1.09233
1701,1.64901,-0.0555109
1702,0.259415,0.38595
1703,0.152195,-0.418413
1704,2.58286,-0.92242
1705,0.647167,0.797207
1706,1.31789,-0.0925069
1707,1.74354,-1.1664
1708,1.04717,-0.045214
1709,2.16688,-1.16388
1710,2.37031,0.186119
1711,2.12849,0.0458497
1712,1.92769,-1.21556
1713,0.712282,-0.652849
1714,0.408338,-0.434596
1715,1.76691,0.880968
1716,0.187863,-0.264286
1717,1.76056,-0.0047678
1718,2.54409,1.34525
1719,0.489981,0.500076
1720,0.351652,-1.26172
1721,0.864314,0.124801
1722,2.02152,0.867974
1723,1.93433,-1.51257
1724,2.41357,0.0467042
1725,1.03155,-0.753221
1726,0.24339,-0.694247
1727,2.05837,-0.673248
1728,1.03882,0.27675
1729,1.74248,-0.818254
1730,1.10088,-0.270996
1731,1.83251,0.490632
1732,2.90305,-0.588782
1733,0.796048,0.543686
1734,2.77385,-1.4659
1735,2.50712,-0.304293
1736,1.62758,-0.18254
1737,1.42064,0.698414
1738,1.5604,0.569679
1739,2.91743,-1.2013
1740,3.05128,-0.436092
1741,1.11151,-0.531075
1742,2.21129,0.227241
1743,2.39816,-0.019778
1744,1.3007,1.12811
1745,1.49668,-0.619882
1746,1.04617,0.175484
1747,1.43534,-1.01837
1748,2.81726,-0.225676
1749,2.56057,0.737553
1750,1.3947,0.123541
1751,0.475106,0.362547
1752,2.24958,0.184302
1753,0.122,-0.844744
1754,0.687764,-0.824999
1755,2.79327,-0.470892
1756,0.648056,-0.359322
1757,0.714742,0.725201
1758,0.569798,-0.603546
1759,3.13895,-0.420085
1760,0.0710217,0.593837
1761,2.69978,-1.40861
1762,2.39505,1.01594
1763,1.71327,-0.596069
1764,2.29889,-1.19796
1765,2.74128,0.35501
1766,0.193585,-0.39839
1767,1.37537,0.580114
1768,1.7617,0.295966
1769,0.353579,0.274897
1770,0.383904,-0.301741
1771,1.33219,0.52269
1772,1.04023,-0.329192
1773,2.4733,1.07671
1774,1.56444,0.316898
1775,0.293913,0.189891
1776,1.90863,1.26556
1777,2.81232,-0.0183528
1778,3.13122,0.649285
1779,3.02245,0.927901
1780,0.977913,-0.3437
1781,1.14618,1.25758
1782,2.57712,0.715507
1783,1.09974,-0.603236
1784,0.373567,0.717483
1785,0.969562,0.263258
1786,0.782015,0.0107682
1787,1.35237,0.836665
1788,1.11325,-0.891611
1789,2.99464,0.279959
1790,0.881969,0.107982
1791,0.0365091,0.902736
1792,1.06086,-0.274833
1793,1.57787,-0.39048
1794,0.293785,0.763343
1795,2.2614,-0.525134
1796,3.04121,-0.713703
1797,1.34933,-0.270161
1798,0.499615,0.598389
1799,2.65238,-0.0334509
1800,0.729145,0.0915297
1801,2.75391,0.32953
1802,1.56166,0.0165269
1803,0.288829,0.997506
1804,1.3801,-0.189325
1805,0.138767,0.572081
1806,1.93421,-0.834715
1807,1.80887,0.200916
1808,1.36935,-0.819109
1809,2.72012,-0.411335
1810,2.49583,0.547029
1811,2.4684,-0.392578
1812,1.01625,-0.21509
1813,0.0216399,0.237525
1814,0.932933,-0.342244
1815,2.97012,0.645762
1816,1.61941,0.327638
1817,0.549409,-0.689895
1818,0.36828,-0.135662
1819,3.02283,1.01945
1820,0.499586,-0.646677
1821,2.76274,0.704042
1822,1.32526,-0.0369015
1823,2.04922,-0.760784
1824,0.308092,-0.269857
1825,1.63362,0.282992
1826,2.13487,0.0351996
1827,2.57447,0.473508
1828,1.30849,-0.584176
1829,1.92736,-0.153375
1830,0.764785,0.173814
1831,0.231105,1.06426
1832,2.24994,-1.29929
1833,1.41191,1.06914
1834,1.1815,-0.655982
1835,0.763776,-0.495112
1836,0.398072,-0.0963056
1837,1.46707,-0.953679
1838,1.40219,-0.925236
1839,2.10881,-0.0809676
1840,2.60408,0.169435
1841,2.80773,-0.589831
1842,1.63889,-0.92585
1843,2.77354,1.02813
1844,2.23551,-0.335671
1845,0.297407,-0.944111
1846,0.462808,1.40277
1847,2.35892,-0.511096
1848,0.055978,0.111321
1849,1.64758,0.610413
1850,0.726414,-1.2245
1851,2.38816,0.40668
1852,0.627508,-0.089275
1853,0.870265,0.621625
1854,3.08307,-0.499969
1855,2.99453,0.943813
1856,1.67572,-0.535019
1857,1.98282,0.67523
1858,2.29823,0.291727
1859,0.207319,-0.727012
1860,1.16603,-1.24484
1861,2.19181,-0.16241
1862,0.109661,-1.47369
1863,1.80499,-0.662602
1864,2.30361,0.792438
1865,0.449472,0.953396
1866,1.34109,1.1157
1867,2.04427,0.846513
1868,1.72777,0.961246
1869,2.70442,0.863149
1870,1.09616,0.514847
1871,1.45486,-1.02545
1872,0.835948,-1.04747
1873,2.29084,0.128818
1874,2.29116,0.0742163
1875,1.14087,-0.597349
1876,2.65586,0.0393133
1877,1.76053,0.251094
1878,1.013,-0.581764
1879,1.60141,-0.329464
1880,0.379008,0.503819
1881,2.37545,0.351659
1882,0.699284,-0.828083
1883,0.800733,0.0421565
1884,0.950436,0.350454
1885,0.897055,0.559295
1886,0.175666,1.08013
1887,0.761206,0.517339
1888,2.12659,-0.275833
1889,2.91614,0.216507
1890,0.306139,0.029102
1891,2.09276,-0.98677
1892,2.83843,-0.898669
1893,1.67801,0.412733
1894,0.382638,0.0296032
1895,0.366303,-1.46515
1896,2.18312,1.10003
1897,2.87584,0.213408
1898,1.81376,1.10565
1899,0.925972,0.668181
1900,0.0583429,-0.638693
1901,0.417173,0.323791
1902,2.46466,1.08275
1903,2.50955,0.601878
1904,2.74133,-0.397156
1905,0.972104,0.0689249
1906,1.50961,0.88888
1907,1.78595,0.580916
1908,0.884806,0.898242
1909,1.52514,-0.139738
1910,1.16205,1.18142
1911,1.98743,0.0407167
1912,0.969906,-0.672256
1913,2.40741,0.41967
1914,1.40976,0.812455
1915,0.958847,0.381156
1916,2.99101,0.422575
1917,0.120814,-0.846772
1918,1.27815,0.18775
1919,2.04858,-0.273763
1920,2.23532,1.06968
1921,2.12105,-1.33219
1922,2.69807,0.455931
1923,2.81023,0.262708
1924,1.64224,1.04378
1925,1.06765,1.46861
1926,2.54018,-0.575723
1927,2.05197,0.767498
1928,0.206468,-0.625547
1929,1.39873,-0.0583007
1930,0.22224,0.998215
1931,1.78172,0.0355756
1932,1.26836,0.0212097
1933,0.747872,-0.487718
1934,2.38835,-0.0769504
1935,1.2486,0.912857
1936,1.85173,-0.220006
1937,0.712214,-0.84712
1938,2.19677,-0.671154
1939,0.22877,-0.4784
1940,1.76662,-0.161984
1941,3.0097,-0.404992
1942,2.55485,-0.0377735
1943,1.15417,-0.499866
1944,0.913108,0.127691
1945,0.409434,-0.631716
1946,1.00725,1.18772
1947,1.0384,-0.112016
1948,1.45188,0.563042
1949,0.0207234,0.225955
1950,0.603753,0.879958
1951,0.870117,0.161318
1952,1.39052,0.569711
1953,0.0959781,0.576144
1954,3.04251,-0.669388
1955,1.19155,-1.05079
1956,1.54435,-0.660504
1957,2.75842,-0.90738
1958,1.60741,-1.00583
1959,2.05387,-0.647756
1960,2.59755,0.955519
1961,2.13441,1.05817
1962,1.14077,-0.0348554
1963,1.1227,-0.643961
1964,2.75122,-0.140856
1965,1.64639,0.100089
1966,1.36748,-0.589029
1967,2.5303,-0.349898
1968,0.288425,-0.264384
1969,0.895477,-0.875377
1970,1.09454,0.0354654
1971,1.05055,0.842342
1972,1.29893,0.262019
1973,2.55543,-0.93685
1974,1.76849,-1.48866
1975,0.276927,0.119296
1976,0.716843,0.0891074
1977,2.01597,-0.308235
1978,1.01509,-0.303541
1979,1.28352,0.826935
1980,3.03388,0.192536
1981,1.89488,0.0310933
1982,1.57048,-0.331655
1983,2.47592,0.935394
1984,1.12011,-1.21246
1985,0.833657,1.44087
1986,0.0135607,0.363028
1987,0.932193,-0.232006
1988,0.507578,0.124782
1989,2.62795,-0.00208042
1990,0.230796,0.304568
1991,0.0815013,0.290371
1992,0.697906,-0.110341
1993,1.21354,-0.148426
1994,0.585749,0.33254
1995,1.64798,-0.150017
1996,1.11699,-1.38408
1997,2.86962,-0.665215
1998,2.71,0.00385496
1999,3.06247,0.503149
2000,2.44195,1.19922
2001,3.11683,0.276774
2002,0.415997,-1.15022
2003,2.40701,-0.134362
2004,1.39319,0.000945972
2005,3.02228,-0.044717
2006,0.974662,-0.33258
2007,2.78403,0.29328
2008,2.77272,0.842631
2009,2.00844,-0.841677
2010,2.28095,0.562548
2011,0.708839,0.294666
2012,0.153412,-0.746188
2013,2.17027,-0.805892
2014,2.21919,-0.120218
2015,2.95968,-0.539179
2016,1.52021,-1.03631
2017,2.91748,-0.946323
2018,2.85613,0.855295
2019,0.939992,-0.459377
2020,1.2548,-0.327358
2021,2.17025,-0.501991
2022,0.359102,0.0355498
2023,2.38191,0.699177
2024,2.09161,0.12339
2025,2.47312,0.208246
2026,2.2432,-0.623079
2027,2.51602,1.03497
2028,0.437275,0.930237
2029,0.135235,0.591872
2030,2.96301,0.935136
2031,2.53164,0.0542143
2032,2.25845,0.406905
2033,2.85149,-0.413154
2034,2.09115,0.708905
2035,0.335536,1.03609
2036,2.53392,1.36407
2037,0.814192,-0.550645
2038,2.31438,0.682811
2039,0.331767,0.0460795
2040,0.2414,0.288952
2041,0.0690108,0.896155
2042,2.4378,-0.576599
2043,0.47209,-0.766499
2044,1.99633,-1.33671
2045,1.62895,-0.611482
2046,1.14764,-0.582499
2047,2.00522,0.291107
2048,2.56746,-0.564579
2049,2.40923,0.832067
2050,1.93687,0.00279324
2051,2.36637,0.464229
2052,1.51446,0.0405492
2053,1.09713,-0.509503
2054,1.99185,0.833915
2055,0.110105,-0.279924
2056,2.71444,-0.509531
2057,2.11432,-0.265058
2058,0.474351,-1.47429
2059,0.142818,0.380649
2060,0.405214,0.382837
2061,0.316587,-0.696538
2062,0.378747,0.512967
2063,1.4893,0.602748
2064,1.22698,0.486593
2065,2.40652,0.939647
2066,1.88726,1.04409
2067,0.73709,0.448757
2068,1.55308,-0.474385
2069,2.38429,-0.640226
2070,2.92507,-0.080845
2071,2.43578,0.881034
2072,1.08916,0.390524
2073,0.849634,0.478993
2074,1.3213,0.444856
2075,1.10044,1.02999
2076,2.9577,-0.0401404
2077,1.87903,-0.192105
2078,1.66677,-0.47624
2079,1.76924,-0.384324
2080,1.21286,-0.0431574
2081,0.305971,-0.480254
2082,1.40166,0.428445
2083,3.02864,0.928622
2084,2.40984,-1.09478
2085,2.04243,0.115979
2086,1.70745,-0.249618
2087,0.638229,-0.659074
2088,2.63425,-0.60389
2089,2.09061,-0.375529
2090,0.307251,-0.899481
2091,1.60021,0.343134
2092,1.65842,0.317033
2093,2.39269,0.70071
2094,0.909694,1.08945
2095,0.38081,0.0179139
2096,1.9652,0.188453
2097,0.117083,0.867423
2098,2.65388,-0.766301
2099,0.184472,0.65644
2100,1.29948,-0.682985
2101,0.0156246,0.688532
2102,0.818961,0.622976
2103,0.880922,1.51914
2104,2.56343,0.588397
2105,2.93766,-0.971614
2106,2.78749,0.0630624
2107,0.473258,0.568238
2108,0.0538672,0.659991
2109,1.34047,-0.238939
2110,0.926026,0.808676
2111,2.28054,0.279255
2112,2.47382,-0.674048
2113,0.7755,-1.00579
2114,0.575269,1.2827
2115,0.806586,-0.928276
2116,0.684279,-0.682689
2117,1.62231,-0.709338
2118,1.4045,0.267444
2119,1.93616,0.186645
2120,0.407654,0.71274
2121,1.99282,0.212668
2122,0.650204,0.740816
2123,1.76078,0.679486
2124,0.142371,-0.896922
2125,0.275836,-1.27993
2126,1.79351,0.439836
2127,1.04769,0.808868
2128,1.16385,-0.732849
2129,0.324284,1.06901
2130,0.558405,0.630034
2131,1.41485,-0.0137597
2132,2.48999,0.143681
2133,0.351246,0.49548
2134,1.22892,-0.0266025
2135,2.75636,-0.418833
2136,0.659476,-0.515284
2137,0.636523,-0.815569
2138,1.05356,-0.018025
2139,0.468538,0.130415
2140,2.71068,-0.735186
2141,0.226152,0.427467
2142,1.66671,-0.131134
2143,0.47203,0.208768
2144,2.68489,0.400448
2145,1.27019,-0.213133
2146,2.22961,0.924773
2147,0.48929,0.334196
2148,2.00228,0.500462
2149,1.09584,0.791132
2150,2.17405,0.637898
2151,1.67315,-1.06158
2152,0.484629,-0.662441
2153,2.45467,-0.601834
2154,2.87222,1.24309
2155,1.39966,0.505027
2156,1.6697,-0.818948
2157,0.796439,-0.290391
2158,1.96292,0.562546
2159,2.76128,-0.952485
2160,1.27127,0.840904
2161,0.635069,0.0742575
2162,1.44554,1.13153
2163,2.50608,-0.512458
2164,2.8135,0.0169289
2165,0.0741092,-1.01486
2166,2.13088,1.0408
2167,0.555115,-0.176542
2168,2.37007,0.0259134
2169,1.51709,1.03243
2170,2.95817,-0.109383
2171,0.232503,0.688969
2172,2.68887,0.164131
2173,1.25705,0.339868
2174,0.249273,-0.929686
2175,0.182483,0.686648
2176,0.68953,-0.514641
2177,2.23996,1.10162
2178,2.93758,1.2963
2179,1.77309,-1.16509
2180,1.13198,0.670996
2181,2.2353,0.527254
2182,0.476443,1.33419
2183,2.7681,0.151097
2184,1.31354,-0.66068
2185,1.11594,0.137399
2186,0.793295,-0.976217
2187,2.15351,-1.24458
2188,3.13877,0.436137
2189,1.34138,-0.66215
2190,0.55988,-0.428729
2191,0.534474,-0.333621
2192,0.894938,0.26883
2193,0.399332,-0.161517
2194,2.6284,0.103317
2195,0.366976,-1.24359
2196,2.18957,-1.02587
2197,1.09417,0.0125973
2198,3.06606,0.858526
2199,2.99784,-0.100441
2200,3.13401,0.563414
2201,2.16582,0.765772
2202,2.95379,-0.499494
2203,0.414293,-0.587083
2204,0.742096,0.217684
2205,0.74421,0.716433
2206,3.03313,-0.160473
2207,1.57193,0.325545
2208,2.59715,-0.263284
2209,2.29098,-0.654322
2210,2.8398,0.601917
2211,2.11295,0.385746
2212,2.81942,0.164575
2213,1.44975,0.280549
2214,2.8573,0.420374
2215,0.173575,0.0104589
2216,2.95298,-0.235426
2217,2.33875,0.530932
2218,0.631628,-0.10017
2219,2.04631,-1.39472
2220,0.0745309,0.348859
2221,2.92762,-0.187837
2222,2.10035,-0.193508
2223,2.24921,-0.183022
2224,0.613664,0.967752
2225,2.84883,-0.109408
2226,0.279014,-0.431747
2227,1.97742,0.425175
2228,2.82436,0.889456
2229,1.72935,-0.818405
2230,1.57385,-0.504205
2231,0.707742,-1.48659
2232,0.612163,0.595547
2233,1.99673,0.0406372
2234,1.12152,0.48015
2235,0.603126,-1.04795
2236,2.25183,0.015736
2237,0.742613,0.176678
2238,2.1253,0.511332
2239,1.54679,-0.333953
2240,1.22224,-0.950037
2241,2.62723,-0.204095
2242,2.51947,-0.004702
2243,1.11962,-0.812743
2244,1.81369,-1.12103
2245,0.764487,0.250343
2246,2.67831,-0.349238
2247,0.945039,0.515181
2248,0.778774,0.485379
2249,2.29491,-0.0645081
2250,1.72379,-1.0957
2251,1.62552,-0.990645
2252,0.645101,1.12841
2253,1.69963,-0.538779
2254,1.04039,0.19638
2255,1.41576,-0.8135
2256,0.158386,0.662559
2257,1.9737,-1.16868
2258,1.16303,-0.87917
2259,2.85389,-0.75189
2260,0.994143,0.632011
2261,0.0825558,-0.832899
2262,1.68558,-0.899607
2263,2.28274,-0.0366924
2264,0.308858,0.0462005
2265,3.12004,-0.930595
2266,1.89431,0.696368
2267,2.25359,0.0474488
2268,0.222288,-0.75156
2269,0.833672,0.786233
2270,2.29885,0.745602
2271,3.08134,0.0151702
2272,1.71088,-0.768761
2273,2.47666,-1.40794
2274,1.3345,-0.750706
2275,1.00086,-0.778962
2276,0.599958,-0.485552
2277,2.29263,0.581905
2278,1.99727,0.322989
2279,0.896339,1.09759
2280,2.17901,-0.493986
2281,0.191164,-0.467042
2282,1.95058,-0.268732
2283,1.73732,-0.713144
2284,0.367824,0.122656
2285,0.701908,1.25757
2286,2.16623,-1.32844
2287,1.58951,0.186773
2288,2.14876,-0.41374
2289,2.03625,-1.16514
2290,2.98646,0.104426
2291,1.75634,-0.283817
2292,2.84807,0.852515
2293,1.2652,0.781509
2294,0.739855,0.11333
2295,2.59035,0.164437
2296,1.95975,0.596657
2297,1.58243,-0.564726
2298,2.21835,-0.377636
2299,1.34997,-0.0778773
2300,0.0259264,0.556279
2301,1.08875,0.378926
2302,1.04189,0.884807
2303,0.742842,-0.370429
2304,1.19085,0.353788
2305,1.34862,-0.720205
2306,1.93459,0.313149
2307,2.84231,-0.490565
2308,2.41873,0.857307
2309,0.987516,-0.110591
2310,1.275,0.854203
2311,2.03591,0.0771506
2312,0.326275,-0.565831
2313,2.90329,0.862234
2314,0.340875,0.0279067
2315,1.79801,-0.975431
2316,2.21583,-0.0438298
2317,1.06791,0.911133
2318,1.93877,-0.212494
2319,0.451171,0.430107
2320,1.44387,0.461682
2321,2.25872,-0.401907
2322,0.820425,1.23408
2323,0.635521,1.08185
2324,1.77889,0.28484
2325,3.09467,-0.516153
2326,0.4629,1.26789
2327,1.56388,-0.607754
2328,1.11509,0.306131
2329,2.74761,0.614708
2330,0.451369,-1.48165
2331,0.671289,-0.746691
2332,0.79753,0.230791
2333,1.21895,-0.697546
2334,2.81669,0.105585
2335,1.14738,-0.586076
2336,1.01637,0.338473
2337,2.2626,-0.437878
2338,1.77802,-1.30929
2339,2.64689,0.168339
2340,0.211971,-0.77356
2341,2.83713,0.614441
2342,1.63567,-0.168881
2343,1.38237,1.12489
2344,1.01543,0.951817
2345,2.45033,-1.02404
2346,2.35009,-0.646385
2347,0.505699,-0.727792
2348,0.161103,0.664613
2349,1.52705,1.13597
2350,0.658818,-1.33673
2351,0.906751,0.461767
2352,2.36934,0.967098
2353,1.4726,0.59572
2354,0.975011,0.756116
2355,1.41968,-0.231386
2356,1.10107,0.0686718
2357,0.208609,-0.914447
2358,0.968791,0.281238
2359,1.56818,-0.780847
2360,2.41508,-0.495155
2361,0.578702,-0.607687
2362,1.64972,0.939956
2363,0.101379,0.263518
2364,2.02216,-0.415508
2365,0.118932,-0.768875
2366,1.439,0.280461
2367,1.29601,-0.530184
2368,2.64272,-1.42493
2369,0.250119,0.304526
2370,2.18492,0.153178
2371,0.228303,-0.137195
2372,1.82596,1.27476
2373,0.60441,-0.131091
2374,2.59654,0.341588
2375,0.130029,-0.444597
2376,0.148862,-0.141951
2377,0.472337,-1.03897
2378,2.77307,-0.247032
2379,0.806808,0.244383
2380,0.443487,-0.515228
2381,2.26167,-0.913361
2382,2.91804,-0.43085
2383,2.64374,-0.502387
2384,0.126471,-0.961211
2385,0.0267475,-1.27857
2386,2.7079,-1.01227
2387,1.73012,0.651811
2388,2.17358,-1.52489
2389,1.46182,-0.24356
2390,1.81825,-1.35473
2391,1.67596,0.55578
2392,0.964522,-0.712461
2393,1.74593,0.369785
2394,0.245416,0.721449
2395,0.393215,-0.241135
2396,1.63409,0.257798
2397,0.170984,0.731654
2398,1.80481,-0.522774
2399,2.25524,-0.540679
2400,2.62721,-1.31051
2401,1.67652,1.08944
2402,1.86739,0.478934
2403,1.90715,1.14327
2404,0.794481,-0.552346
2405,0.369314,0.174434
2406,2.32089,0.254733
2407,0.509889,-0.163442
2408,1.67204,-0.776616
2409,1.73743,-1.31545
2410,1.53179,0.374872
2411,2.46404,-0.255147
2412,1.26752,0.969264
2413,3.07576,-0.679181
2414,3.01014,0.179053
2415,0.453245,-0.202645
2416,1.41411,-0.27608
2417,2.46213,0.779476
2418,1.48189,1.32249
2419,0.448493,-0.280752
2420,1.6572,-0.812381
2421,1.15362,-1.08949
2422,2.28579,0.62124
2423,0.144815,0.210757
2424,2.28489,0.901232
2425,2.118,0.478215
2426,0.833063,0.445216
2427,1.87635,-0.155902
2428,2.00802,-1.02139
2429,0.169485,-0.978471
2430,1.52265,0.937495
2431,2.51456,-0.617974
2432,1.9998,-0.677725
2433,2.06569,1.06748
2434,3.06286,-1.13124
2435,1.01389,0.419167
2436,2.68528,1.00738
2437,2.40651,-1.37761
2438,2.19538,-0.324994
2439,0.820514,-0.150204
2440,0.0189996,-0.690356
2441,0.342005,0.13477
2442,1.18234,-0.528533
2443,0.535215,-0.979935
2444,2.60005,1.04185
2445,1.05469,0.312678
2446,0.432163,0.153013
2447,1.35924,-0.627995
2448,0.453797,0.178907
2449,0.915866,-0.872514
2450,1.4246,0.852058
2451,2.03251,-0.525811
2452,0.650468,-1.38233
2453,1.75255,-0.83769
2454,1.59254,0.279712
2455,1.27137,0.693975
2456,0.0482812,-1.44858
2457,1.9486,-1.04816
2458,0.402636,0.985461
2459,2.87069,-1.40774
2460,0.806117,-0.0373137
2461,2.57462,-0.849767
2462,0.19947,0.174917
2463,0.080033,0.609693
2464,0.522058,-0.794882
2465,2.99999,0.091262
2466,1.00174,-0.595857
2467,3.09611,-0.490656
2468,0.34224,0.593874
2469,2.5199,-0.670267
2470,2.36252,0.373649
2471,1.33473,-0.100987
2472,2.69958,1.23778
2473,0.639262,0.773834
2474,1.6566,-0.123006
2475,2.04275,-0.0815629
2476,2.42966,-0.00620752
2477,2.71395,-0.0438366
2478,1.1031,-0.439763
2479,0.391158,0.634108
2480,1.87095,-0.965753
2481,0.498058,-1.32175
2482,0.183676,-0.714477
2483,0.87559,1.11714
2484,2.64556,-0.119896
2485,0.125902,-0.625514
2486,2.71426,-0.252655
2487,1.26097,0.97438
2488,0.389273,0.373237
2489,0.730204,-0.717058
2490,2.73664,0.334556
2491,2.44892,0.665489
2492,2.01914,-0.156598
2493,2.4182,-1.25072
2494,2.60085,-0.129869
2495,2.25841,-0.263401
2496,0.222514,-0.177728
2497,1.70754,-0.627789
2498,0.117851,-0.0574828
2499,2.83219,0.56175
2500,0.963471,-0.954939
2501,1.39322,0.540501
2502,1.18649,-0.633817
2503,1.28318,0.606718
2504,1.47087,-0.58841
2505,0.526557,-0.929973
2506,0.988788,0.221872
2507,2.31687,-0.459153
2508,0.200462,-0.435612
2509,1.81472,-0.416878
2510,1.58445,0.609047
2511,0.283846,0.528564
2512,2.22905,-0.532166
2513,1.45294,1.24499
2514,0.294536,0.251487
2515,1.68403,0.757442
2516,0.265939,1.15551
2517,1.0435,0.23103
2518,2.52597,0.0747404
2519,0.0688913,0.439164
2520,2.30489,-0.131647
2521,2.17031,-0.174806
2522,0.751891,-0.202986
2523,0.735194,0.459285
2524,0.697694,-0.595843
2525,0.66409,-0.676843
2526,0.405949,-0.628651
2527,2.41045,-0.582973
2528,2.98113,0.212624
2529,1.7157,-0.30521
2530,1.43358,-0.144777
2531,1.59319,-0.631123
2532,2.1894,0.849672
2533,0.430799,0.846881
2534,2.63035,0.585052
2535,0.350726,0.482201
2536,1.55766,1.16569
2537,1.18883,-0.756004
2538,3.13966,0.34094
2539,0.0266827,0.200494
2540,1.26243,-0.243124
2541,0.292489,0.653902
2542,0.969611,0.511765
2543,0.547546,0.87994
2544,1.44519,-1.14114
2545,0.673158,-0.565414
2546,2.27705,0.31297
2547,2.46083,0.71495
2548,2.6141,0.19332
2549,1.2108,0.947574
2550,2.7706,0.0645186
2551,0.901297,0.0787939
2552,1.90197,0.601639
2553,2.5989,-0.00387338
2554,2.88695,0.290944
2555,0.0715601,-0.3366
2556,0.238841,0.347176
2557,1.22806,-0.422007
2558,1.00722,0.656213
2559,2.68797,0.132717
2560,0.116819,0.495116
2561,2.08733,-0.241935
2562,0.718084,0.0204447
2563,0.177507,0.00886275
2564,1.41724,1.43696
2565,0.786617,-0.42858
2566,2.60861,-0.145905
2567,0.837913,0.137441
2568,2.16635,0.0828013
2569,2.40387,0.0662115
2570,0.21267,-0.00875732
2571,2.36542,0.77087
2572,0.988272,-1.14895
2573,1.78628,0.1889
2574,0.343388,-0.00747583
2575,1.36467,-0.929627
2576,2.09696,0.830153
2577,1.87706,0.175696
2578,2.23626,1.02514
2579,0.181821,-0.215592
2580,0.0129424,-0.111083
2581,0.259355,0.777161
2582,1.15151,-0.500919
2583,0.872444,-1.26768
2584,2.38502,1.18989
2585,2.38671,0.229677
2586,1.77665,0.728866
2587,2.9467,0.354297
2588,2.88104,1.36096
2589,1.66219,-0.371044
2590,2.96536,0.0651167
2591,0.178589,1.34709
2592,1.89401,0.449279
2593,0.153777,-0.716142
2594,1.70157,-0.72845
2595,2.81676,-0.438877
2596,1.45571,0.352017
2597,1.93929,-1.0962
2598,3.08436,0.598597
2599,1.72722,0.744355
2600,1.54092,-0.051559
2601,1.62296,-1.23634
2602,2.84782,0.792136
2603,0.98786,-0.949658
2604,2.09431,0.906928
2605,2.49394,0.950506
2606,2.97321,-0.44284
2607,0.650029,-0.680287
2608,0.151116,-0.365906
2609,0.937372,0.908095
2610,0.838582,-0.725366
2611,0.124337,1.0761
2612,2.49242,0.129641
2613,0.773327,-0.215252
2614,2.45958,-0.943984
2615,1.06773,-0.0574238
2616,1.83267,-0.664358
2617,1.1616,-0.3148
2618,2.60979,0.0444774
2619,0.988209,0.0362341
2620,1.09064,-0.750525
2621,1.31501,-0.366266
2622,0.354334,-0.346099
2623,0.383016,0.647409
2624,2.30593,-1.06377
2625,1.37243,-0.590057
2626,1.80178,-0.0812638
2627,1.86947,-0.0156733
2628,2.03842,0.953328
2629,1.81443,-0.244707
2630,1.25028,0.167665
2631,0.946425,-0.558181
2632,2.07677,-0.477857
2633,1.30134,0.0157613
2634,1.63866,-0.965759
2635,1.47307,-0.976887
2636,2.25406,-0.319303
2637,1.51538,-1.26247
2638,0.108875,-1.13287
2639,2.65083,-0.0520358
2640,2.92946,0.813231
2641,1.41557,-0.176577
2642,3.10405,-0.742643
2643,2.33466,1.18182
2644,0.381427,0.369651
2645,1.41632,0.887337
2646,0.418812,-0.92695
2647,1.62353,-0.369594
2648,1.94131,0.292052
2649,1.38857,-0.0603555
2650,0.306816,1.0094
2651,2.57401,0.981018
2652,2.6472,-0.244902
2653,2.9671,-1.08775
2654,2.9943,0.00502609
2655,2.86035,-0.20593
2656,2.15207,-0.706909
2657,0.0803894,-0.24848
2658,0.935408,-0.665557
2659,0.025784,-0.96655
2660,2.18316,-0.50931
2661,1.23519,1.41883
2662,1.64222,0.410825
2663,1.57618,0.771046
2664,2.80718,0.309183
2665,0.129771,0.677236
2666,0.645118,0.626482
2667,3.11741,0.007133
2668,2.70066,1.2944
2669,3.13874,0.71698
2670,2.26736,0.169319
2671,3.02296,0.689825
2672,0.836306,0.366584
2673,1.17713,-0.922607
2674,0.31698,-0.779248
2675,3.13427,-0.44974
2676,0.697673,-0.977879
2677,2.29274,-0.342425
2678,0.376496,-0.211647
2679,1.58224,0.567128
2680,1.39048,-0.92869
2681,1.76606,0.634373
2682,0.0846625,0.28654
2683,1.52558,-0.228776
2684,0.969434,0.574445
2685,1.17952,0.810639
2686,0.224129,-0.621884
2687,2.96983,0.854417
2688,2.92357,0.590343
2689,3.02938,-0.630659
2690,2.86889,-0.181121
2691,0.182338,-0.129876
2692,3.07946,-0.815858
2693,2.00711,0.287499
2694,0.385461,-0.322952
2695,2.38231,-0.227424
2696,0.265027,0.0504565
2697,2.50105,-0.769876
2698,0.787665,-0.817864
2699,2.53544,-0.945443
2700,2.23649,-0.0544877
2701,0.738656,1.40607
2702,0.0201068,0.507195
2703,2.57001,-0.94487
2704,1.44885,0.154459
2705,2.28035,-0.358235
2706,1.51377,0.72549
2707,2.87158,-0.522754
2708,2.42068,0.421908
2709,1.3196,-1.431
2710,1.9327,1.36636
2711,0.901066,-0.112944
2712,0.978238,0.412607
2713,1.39779,-0.1326
2714,1.97408,0.763427
2715,0.852095,-0.241939
2716,0.634088,-0.15606
2717,2.93677,0.422472
2718,1.62096,-1.16745
2719,0.686656,-0.936444
2720,1.48033,0.900902
2721,2.53037,0.557264
2722,1.61148,-0.762372
2723,0.836148,-0.337711
2724,0.870752,0.15708
2725,1.41393,0.18575
2726,0.0477498,0.348954
2727,1.50403,-0.74608
2728,0.194157,-0.502638
2729,1.91607,0.316367
2730,1.56068,-0.19083
2731,0.925322,-1.0086
2732,2.38069,0.494617
2733,1.51699,0.251371
2734,1.66059,0.477213
2735,1.22437,-0.268496
2736,1.49253,-0.579814
2737,3.0626,-0.0811332
2738,1.31627,0.030665
2739,2.44159,0.595645
2740,2.99849,0.79217
2741,0.180114,-0.00735833
2742,1.40613,-0.70629
2743,1.48355,-0.253678
2744,1.50574,1.0106
2745,1.3985,-0.119101
2746,0.549301,1.07544
2747,2.06908,0.390544
2748,1.58183,-1.26861
2749,3.00693,-0.181758
2750,2.67955,0.379475
2751,2.51479,0.552251
2752,2.07644,-0.297705
2753,0.719861,-0.568904
2754,0.229521,-0.848233
2755,0.384079,0.179793
2756,1.24058,-0.362403
2757,2.17878,0.334216
2758,3.11146,0.245788
2759,2.75685,-0.185958
2760,0.370546,1.30544
2761,0.158791,0.216598
2762,1.81917,-0.217968
2763,2.06926,0.216347
2764,1.0846,0.189925
2765,2.99201,0.418374
2766,1.25899,0.767003
2767,1.83032,0.467429
2768,0.19777,0.398013
2769,3.08044,-0.455403
2770,1.41769,0.650408
2771,1.06326,0.531045
2772,0.311651,-0.580321
2773,3.13711,-1.06202
2774,2.68542,-0.0266395
2775,1.75948,0.18336
2776,1.5865,0.437718
2777,1.05742,0.401451
2778,0.937052,0.917519
2779,0.730001,0.309058
2780,0.441511,0.134451
2781,2.61836,-0.890402
2782,2.58878,0.269957
2783,0.589619,-0.189623
2784,0.522839,-0.561432
2785,2.40795,0.318082
2786,2.04918,0.79189
2787,2.82792,0.465005
2788,1.66034,-0.907942
2789,2.07492,-0.645866
2790,2.30622,1.09156
2791,3.10918,0.0204221
2792,1.43839,-0.42702
2793,1.0765,0.341951
2794,1.87514,-0.392025
2795,2.99993,0.645644
2796,2.96241,0.582246
2797,3.04491,-0.370263
2798,2.91071,-0.202726
2799,2.66579,0.101768
2800,0.750956,-0.731811
2801,1.21475,-0.0957127
2802,1.33725,-0.730965
2803,2.95335,0.886198
2804,0.625228,1.16109
2805,1.67484,-0.298178
2806,2.85168,0.669208
2807,1.69492,1.27214
2808,2.4763,0.188711
2809,1.88473,0.0168508
2810,1.59525,-0.0344275
2811,2.83613,-0.852699
2812,2.66305,0.0083706
2813,3.12443,-0.230955
2814,2.43524,-1.31171
2815,2.81044,-0.0783842
2816,2.92103,0.824594
2817,2.01651,0.629224
2818,1.87726,-0.781851
2819,0.527162,-1.30545
2820,2.99782,0.973384
2821,1.99383,0.708882
2822,1.03834,0.6948
2823,2.16102,0.639586
2824,2.26078,-0.0815107
2825,1.97746,-0.234843
2826,1.88386,-0.685428
2827,1.11924,-0.368106
2828,2.52615,-0.288136
2829,0.071537,0.267552
2830,1.53161,-0.173505
2831,1.99105,-0.0933711
2832,0.071634,-0.429282
2833,1.80202,0.367612
2834,2.7031,0.569392
2835,1.37319,0.107003
2836,0.297541,-0.0413256
2837,3.08064,-1.46263
2838,0.109955,-0.666776
2839,0.588635,-0.46716
2840,0.848432,1.08915
2841,1.89227,0.902054
2842,0.326299,1.02483
2843,0.457297,-1.20564
2844,2.94627,0.119248
2845,2.81783,-0.929259
2846,3.01192,-0.55516
2847,1.2797,0.98044
2848,0.837157,-0.780696
2849,2.85879,-0.529465
2850,0.385977,-0.484671
2851,2.3864,-0.295223
2852,0.374693,-0.406511
2853,1.26479,0.529633
2854,0.202669,0.621763
2855,0.54246,0.292997
2856,0.923384,-0.715213
2857,1.26842,-0.777086
2858,2.97146,-0.131028
2859,2.22941,0.454948
2860,2.01094,-0.011725
2861,0.745531,-0.177579
2862,1.5124,0.178318
2863,0.0584213,0.865218
2864,1.88824,-0.247375
2865,1.65448,-0.513773
2866,1.01786,0.940493
2867,0.958201,-1.10653
2868,1.58036,-1.34012
2869,3.13176,-1.21628
2870,1.80915,-0.168664
2871,2.17687,1.33891
2872,2.74513,0.606772
2873,1.35173,-0.450538
2874,1.11725,-0.889648
2875,0.162122,-0.432292
2876,2.05727,-0.803148
2877,1.34757,-0.0112223
2878,0.577497,0.667735
2879,2.30462,0.394402
2880,1.48601,-0.1774
2881,0.233085,-0.441508
2882,0.64846,1.16374
2883,2.193,0.169474
2884,2.65763,-0.292537
2885,1.27425,-0.314163
2886,2.51747,0.652694
2887,2.01507,0.476052
2888,0.938965,0.287715
2889,2.01252,-0.295383
2890,2.83058,-0.855237
2891,2.1711,0.359852
2892,2.11476,0.814
2893,0.283758,-0.0803754
2894,3.03047,1.05135
2895,2.16834,-0.808892
2896,1.34535,-1.2008
2897,2.84278,-0.141836
2898,1.36812,-0.734665
2899,0.207108,0.562956
2900,0.950944,-1.32817
2901,1.95811,1.0683
2902,0.281994,0.982254
2903,2.07367,0.0376549
2904,0.691002,0.504484
2905,0.823555,-0.87815
2906,0.0461642,0.0155793
2907,3.0246,0.762881
2908,0.820513,0.618331
2909,0.332548,0.164735
2910,1.25006,1.40895
2911,1.95504,0.368839
2912,0.734981,-0.177716
2913,0.561578,-0.566435
2914,1.66938,0.847116
2915,2.42722,-0.948847
2916,0.659993,-0.745288
2917,1.67849,0.665835
2918,1.06924,0.676173
2919,2.34885,-0.874269
2920,2.48245,-0.511824
2921,0.92717,-0.796664
2922,2.1354,-0.197325
2923,1.75535,-0.406861
2924,2.48605,0.280974
2925,2.17162,1.43939
2926,3.1411,1.09446
2927,1.78879,-0.488882
2928,1.51179,-0.392615
2929,1.84996,0.103975
2930,1.86689,-0.427515
2931,1.49146,1.38065
2932,0.16997,0.699946
2933,2.22576,0.496448
2934,2.69821,-0.198909
2935,0.715532,-0.449876
2936,2.30881,-0.939322
2937,2.43428,-0.259497
2938,0.124054,-0.0488796
2939,0.027984,-0.0968468
2940,0.3794,0.530001
2941,1.90331,0.438425
2942,1.50976,-0.338697
2943,1.973,0.222803
2944,2.14491,-0.479857
2945,1.13594,-0.272545
2946,1.17107,0.748568
2947,0.278711,-0.0200584
2948,0.311342,0.134528
2949,2.10823,0.19204
2950,2.35125,-0.187547
2951,0.597893,0.367746
2952,1.98193,-1.21332
2953,1.00917,1.01461
2954,3.05495,-0.412724
2955,0.850573,1.05743
2956,0.653014,-0.695637
2957,2.5658,0.381844
2958,1.60877,-1.13339
2959,1.71765,0.587449
2960,0.929297,-0.123159
2961,2.56804,-0.131217
2962,1.30646,0.146233
2963,1.97285,0.316705
2964,2.77662,0.452259
2965,1.5898,1.12417
2966,2.24541,0.0241336
2967,2.56395,-1.29629
2968,2.03021,-0.952632
2969,0.712347,0.511361
2970,0.0696046,-1.30645
2971,0.409421,0.738557
2972,1.70457,-0.0832156
2973,2.76768,0.111129
2974,0.0925766,-1.30511
2975,2.73611,0.278886
2976,3.06957,0.826039
2977,1.8754,-0.8523
2978,1.42429,0.0312376
2979,0.156637,0.952048
2980,2.59281,0.313036
2981,0.385307,1.13036
2982,2.64307,-1.05326
2983,0.0398576,-0.735917
2984,1.09589,-1.47374
2985,0.637181,-1.22631
2986,0.541931,-0.980198
2987,1.79975,-0.510966
2988,1.18245,0.793203
2989,2.00874,0.599206
2990,1.88483,-0.390739
2991,0.644735,-0.300881
2992,1.30136,-0.158269
2993,0.0748279,0.771378
2994,1.42115,0.342554
2995,1.51747,-0.625444
2996,2.10127,0.327393
2997,2.70382,1.22363
2998,1.31561,0.697707
2999,1.03309,-0.722281
3000,1.12062,0.249015
3001,1.7606,-0.303453
3002,2.88811,-0.884986
3003,0.807154,0.170894
3004,2.46463,0.0976206
3005,0.128733,-0.862299
3006,2.24192,-0.24024
3007,2.6546,-0.547074
3008,0.427908,0.534129
3009,1.71522,0.421778
3010,0.69199,-0.00721881
3011,2.92032,0.229009
3012,0.099491,0.18369
3013,0.440943,-0.325696
3014,2.7227,-0.295935
3015,1.9664,0.47534
3016,0.511484,-0.040529
3017,2.86664,0.467608
3018,2.11638,-0.78798
3019,2.30966,0.0437706
3020,3.06842,0.623834
3021,1.47131,0.213875
3022,1.62528,-0.902497
3023,2.57822,0.388593
3024,2.22808,0.0935911
3025,1.00488,1.39624
3026,3.08703,0.490861
3027,2.02819,-0.195766
3028,2.81908,-0.572769
3029,0.0751995,0.329584
3030,2.72904,-0.167731
3031,2.06793,-0.201272
3032,1.0515,0.182566
3033,2.3727,-0.875549
3034,1.09893,-1.30905
3035,3.10527,-0.619537
3036,0.964871,0.142899
3037,2.32424,1.28399
3038,2.92419,-1.03773
3039,2.38156,0.821531
3040,0.483902,-0.30346
3041,2.44123,-1.33351
3042,2.49935,-0.700298
3043,3.00582,-0.640817
3044,0.0468703,0.119901
3045,1.74197,-0.606325
3046,0.578671,-1.08651
3047,0.0618574,0.51462
3048,2.49805,0.0538811
3049,0.274566,-0.829097
3050,0.0226482,-0.228078
3051,1.09973,-0.74137
3052,2.46505,-0.794382
3053,0.377979,0.241518
3054,0.617341,0.885239
3055,2.18262,0.131368
3056,1.08045,-0.87873
3057,1.84589,0.179812
3058,2.81039,0.719456
3059,2.2569,0.68294
3060,1.01859,0.136493
3061,1.37994,-0.859813
3062,2.90825,-0.638173
3063,2.77375,-0.409372
3064,0.278402,-0.390488
3065,0.344035,0.064383
3066,1.48817,1.19647
3067,2.01764,0.757941
3068,0.452322,0.884926
3069,0.23821,-0.115567
3070,0.847517,-0.701101
3071,2.29873,0.786149
3072,1.83225,0.567293
3073,0.228563,1.00559
3074,0.767293,-0.356693
3075,2.50244,-0.227622
3076,1.11756,0.459453
3077,0.62133,0.551565
3078,2.82781,-0.960451
3079,2.31891,-0.521882
3080,0.220457,0.398887
3081,1.29347,-1.25576
3082,2.15709,-0.178454
3083,2.27897,-0.513647
3084,1.92178,-1.19922
3085,2.75889,-0.118484
3086,0.476052,0.464726
3087,2.62528,0.983046
3088,0.854961,-0.354677
3089,1.4605,-0.588703
3090,0.212544,-0.188055
3091,1.10116,-1.10112
3092,0.126304,0.601825
3093,1.68335,0.0982004
3094,1.71324,-0.701901
3095,2.05955,-0.187772
3096,1.95235,-0.408421
3097,2.22656,0.484481
3098,0.30776,0.620958
3099,2.99878,0.331853
3100,3.1347,-1.12421
3101,2.68935,0.238099
3102,0.971622,-0.125146
3103,0.184,0.246119
3104,0.542457,-0.228816
3105,0.839415,0.660147
3106,2.03386,-0.488481
3107,0.642763,0.541375
3108,0.621574,0.395662
3109,2.55821,0.107043
3110,2.81208,-0.518419
3111,2.50252,0.154897
3112,0.527729,-0.539188
3113,2.57521,0.0846935
3114,2.1145,-0.409284
3115,0.873763,1.3139
3116,1.4017,-0.818334
3117,1.34696,1.10961
3118,2.54181,0.663664
3119,2.29173,0.298263
3120,0.725454,0.139302
3121,2.85974,1.11494
3122,0.317636,0.435471
3123,0.704157,1.35124
3124,1.53928,0.0979821
3125,0.702153,-1.36308
3126,1.24858,0.0572086
3127,0.689356,-0.0524885
3128,0.414095,0.54499
3129,2.23661,1.45019
3130,0.981066,-0.334402
3131,2.01532,0.334986
3132,0.520244,0.582701
3133,1.84243,1.01878
3134,2.38656,0.882415
3135,2.92979,0.178993
3136,1.48624,-0.504898
3137,0.239431,-0.309559
3138,1.65502,0.613577
3139,2.20524,0.244405
3140,0.246709,-0.0373491
3141,1.672,0.966209
3142,2.34018,-0.544503
3143,1.10248,-0.391925
3144,1.71251,-0.594253
3145,0.114319,0.426278
3146,1.90394,0.0616141
3147,0.00956031,0.912947
3148,0.791416,0.0370907
3149,0.362793,0.626105
3150,2.63763,-0.792689
3151,0.503467,-0.523838
3152,2.77458,1.48162
3153,1.29908,-1.37729
3154,0.87947,0.613205
3155,1.30647,-0.718035
3156,0.343531,-0.244527
3157,0.20417,-0.22255
3158,2.25842,0.122529
3159,2.55188,-0.0140297
3160,0.351812,-0.347263
3161,1.28808,-0.102052
3162,1.97679,-0.174295
3163,2.68935,-0.0681622
3164,0.601653,-0.15261
3165,1.21043,0.226274
3166,2.88253,0.896679
3167,1.1423,0.992376
3168,2.32452,0.0319244
3169,3.08054,0.507484
3170,2.38474,-0.769757
3171,2.11858,-1.31757
3172,2.20681,1.27953
3173,0.14194,-0.274273
3174,1.80755,0.998011
3175,2.85406,0.423313
3176,1.24169,-0.453628
3177,0.334995,-0.840313
3178,3.02845,0.354167
3179,1.05174,0.177502
3180,0.880224,0.234162
3181,0.0129733,0.913035
3182,1.84974,-0.216844
3183,0.861961,0.586037
3184,1.47831,0.36029
3185,2.93368,-0.861917
3186,0.870018,-0.37244
3187,2.7196,-0.109968
3188,1.50122,-1.28838
3189,1.21931,-0.517158
3190,2.34865,-0.179261
3191,2.04453,0.0570778
3192,0.707873,-0.119143
3193,0.475816,-0.252773
3194,2.74677,-0.347146
3195,1.04671,0.718236
3196,1.89109,0.0979414
3197,0.124881,0.181064
3198,2.20531,0.660794
3199,1.85721,0.860236
3200,1.21718,-0.192287
3201,2.65942,-1.42839
3202,1.49691,-1.37321
3203,0.89764,0.62291
3204,0.283206,-0.178021
3205,1.19993,0.407884
3206,1.24976,-0.50465
3207,3.01314,-0.0620092
3208,0.862532,-0.368999
3209,1.51118,0.394373
3210,1.91419,0.654988
3211,2.86725,0.322433
3212,0.671297,-0.445277
3213,1.75615,-1.03401
3214,3.07469,-0.427345
3215,2.92698,0.919902
3216,1.85089,-0.860629
3217,2.97202,-1.21478
3218,2.71981,-1.32686
3219,0.742689,-1.46831
3220,1.2976,-0.508977
3221,0.331445,-0.310532
3222,1.52213,0.753708
3223,0.273205,0.0539721
3224,1.93032,0.195881
3225,0.268237,0.304757
3226,2.33364,0.291654
3227,1.03522,-1.21887
3228,2.78842,-1.359
3229,1.09584,0.55159
3230,1.59724,-0.000801074
3231,0.994857,-0.719367
3232,2.79062,-0.558145
3233,1.11129,0.127461
3234,2.00019,-0.324697
3235,2.69775,-0.45711
3236,2.63852,-0.339351
3237,2.47411,-0.378059
3238,2.28597,-1.18731
3239,2.78479,1.42746
3240,1.72361,-0.565196
3241,1.66566,-0.698786
3242,0.34389,1.17859
3243,2.91521,-0.210814
3244,2.0897,0.283811
3245,0.0358489,0.48469
3246,0.266892,-0.988089
3247,0.378353,-0.291502
3248,2.18412,-0.77246
3249,2.9032,0.53602
3250,1.3647,0.156549
3251,2.7441,0.271522
3252,1.38064,-0.5795
3253,2.95362,-0.357273
3254,0.806388,-0.512897
3255,0.0562822,0.886541
3256,2.57995,0.378375
3257,1.53336,-0.305874
3258,0.565628,-0.20961
3259,0.352769,0.44414
3260,0.0191756,-0.271761
3261,0.117795,-0.271052
3262,1.20162,0.71393
3263,1.7825,0.487935
3264,3.05729,-0.0882967
3265,0.12648,0.603632
3266,3.00149,0.540957
3267,1.70795,-0.648628
3268,1.68546,-0.484734
3269,2.99246,-0.73516
3270,3.09975,-0.4654
3271,0.139601,-0.139121
3272,1.29766,0.72557
3273,0.102293,-0.82554
3274,3.1207,-0.847344
3275,0.426305,0.39574
3276,2.93925,-1.04257
3277,1.05529,-0.449124
3278,2.21402,-0.285511
3279,1.08976,0.218668
3280,0.633277,-1.0851
3281,2.75368,0.665984
3282,0.87001,0.211651
3283,0.110375,-1.18541
3284,2.46082,0.644353
3285,2.7989,0.215343
3286,2.65808,0.102947
3287,0.674667,-0.967097
3288,2.27429,-0.495724
3289,3.09246,0.124198
3290,1.14951,-0.666683
3291,2.55207,0.908859
3292,2.61356,0.219112
3293,1.43431,1.00388
3294,1.02549,-0.0636974
3295,0.430295,-0.525208
3296,0.100287,-1.03447
3297,0.918646,-0.00329716
3298,1.60285,-1.00586
3299,2.77297,0.398171
3300,0.342585,0.118213
3301,3.05086,0.520018
3302,1.07942,0.782114
3303,1.3668,0.567369
3304,1.22517,0.059653
3305,1.87398,-0.39481
3306,0.781668,-0.741412
3307,0.335265,-1.18396
3308,1.62965,-0.567383
3309,1.36304,0.156624
3310,2.4837,-0.246759
3311,1.74819,-0.633518
3312,0.623294,0.588977
3313,2.47362,-0.424358
3314,2.45427,1.0044
3315,2.39648,0.0761718
3316,2.37592,0.108248
3317,2.13952,0.119147
3318,2.38195,-0.51067
3319,3.00066,-0.0219782
3320,0.943778,-0.165147
3321,1.18886,-1.00187
3322,0.892344,-0.786276
3323,1.04114,-0.273187
3324,1.46975,-0.74366
3325,2.99084,0.762025
3326,0.969109,1.07813
3327,0.843531,0.67594
3328,2.94326,0.312156
3329,1.46649,-0.801198
3330,2.51371,-0.579385
3331,2.29848,-0.0983238
3332,1.23877,0.616373
3333,1.53167,0.556704
3334,0.655035,0.548719
3335,0.979975,0.0842786
3336,2.16615,0.56445
3337,0.401639,-0.5944
3338,0.817445,0.820341
3339,0.307428,0.981524
3340,0.210663,0.0168219
3341,2.01766,-1.28821
3342,0.957976,-1.39302
3343,0.0204945,-0.0707921
3344,1.30115,0.313841
3345,1.76297,0.597826
3346,2.09774,0.401526
3347,1.37457,-0.559858
3348,1.01053,-0.776641
3349,2.27625,0.124558
3350,0.701392,0.210567
3351,2.37557,-0.865473
3352,0.640489,0.613262
3353,0.910122,-0.790588
3354,1.6016,-1.11006
3355,1.15146,0.536862
3356,2.00892,0.321045
3357,3.07659,0.821323
3358,1.80252,0.257124
3359,2.94816,0.362055
3360,2.43602,-1.1282
3361,0.980537,-0.654416
3362,2.38149,1.17053
3363,0.977436,0.348513
3364,1.65035,0.711145
3365,2.51666,-0.106564
3366,3.08083,0.537467
3367,2.25972,-0.370945
3368,0.150409,0.348185
3369,0.385531,-0.231081
3370,0.950146,0.56299
3371,0.88252,0.902402
3372,2.06532,-0.00639004
3373,0.584396,-1.09609
3374,0.698294,-0.471674
3375,1.69709,0.217736
3376,0.228826,0.751188
3377,0.961749,0.0339496
3378,0.105529,-1.02411
3379,0.90938,-0.320952
3380,0.506328,0.0718046
3381,2.53178,-0.747761
3382,2.21991,-0.75344
3383,2.99073,-0.251735
3384,1.0854,0.745579
3385,0.964491,1.13107
3386,1.14771,-0.00684914
3387,2.80792,-0.21721
3388,0.269543,-1.28307
3389,2.12827,-0.635171
3390,1.94125,0.00844283
3391,2.25665,0.723367
3392,2.62808,0.121868
3393,2.92857,-0.687107
3394,1.87083,-1.45444
3395,0.991023,1.09924
3396,1.65692,0.0791438
3397,0.728139,0.51684
3398,2.88983,-1.10189
3399,0.41337,-0.333867
3400,1.4249,0.475742
3401,3.07658,-0.50316
3402,1.00161,0.921615
3403,1.85833,-0.887652
3404,1.64564,-0.00462766
3405,2.06951,0.867455
3406,1.81001,0.130589
3407,1.50456,-0.110873
3408,2.89273,-0.865048
3409,1.02286,-0.655357
3410,1.82845,0.496817
3411,0.282199,0.373436
3412,2.44302,1.30535
3413,1.8599,-0.291441
3414,1.06353,0.747029
3415,2.21852,0.436095
3416,1.20579,0.657894
3417,1.59448,-0.635807
3418,2.96646,-0.23113
3419,0.0974392,-0.046728
3420,0.62572,0.646098
3421,2.00779,-0.634327
3422,1.013,-0.103471
3423,2.96719,-0.122777
3424,2.53543,-0.403955
3425,1.46681,1.46672
3426,0.273397,-0.423281
3427,3.13111,-1.02669
3428,1.26748,0.35291
3429,1.50363,-1.39767
3430,2.4704,0.320064
3431,1.48644,0.0319503
3432,0.137516,-0.136821
3433,2.93956,-0.998382
3434,0.676488,0.265215
3435,0.454313,1.17725
3436,1.31278,0.378378
3437,2.44002,0.640693
3438,1.6744,-0.655404
3439,2.81391,1.32701
3440,2.81064,0.128921
3441,0.301893,0.257567
3442,1.14476,0.833599
3443,2.84141,0.621947
3444,1.60639,-0.640503
3445,0.506396,0.0532454
3446,1.24698,-0.430256
3447,2.62226,1.01249
3448,1.08256,-0.648557
3449,2.03384,-0.405105
3450,0.142725,-0.236418
3451,0.80864,-0.256323
3452,1.57968,1.01249
3453,2.63259,0.383336
3454,1.35726,-0.0623833
3455,2.8509,-0.670113
3456,2.46022,-0.996505
3457,2.35626,0.137804
3458,2.75825,1.03103
3459,1.17531,0.657119
3460,0.426814,-1.27605
3461,1.30603,-0.0612347
3462,1.90778,0.327004
3463,2.32917,-0.338077
3464,0.0977749,0.195049
3465,0.789578,-1.02487
3466,0.734792,0.174844
3467,1.58995,-1.21874
3468,0.151423,-0.474261
3469,1.55484,-0.356709
3470,0.710603,-0.622427
3471,0.365839,-0.638628
3472,2.77571,-0.873089
3473,2.11039,0.306656
3474,2.34567,0.607316
3475,2.71361,0.00727819
3476,2.32346,-0.869142
3477,1.14385,1.33822
3478,0.918861,-0.133336
3479,0.39655,-0.641388
3480,2.78564,0.218309
3481,1.64965,-0.00107932
3482,0.594563,-0.758317
3483,2.87084,1.14763
3484,2.10445,-0.384446
3485,0.627436,-1.17567
3486,1.73951,-0.485072
3487,1.30964,-0.69236
3488,2.00074,0.976118
3489,1.98186,0.308812
3490,0.155651,0.357717
3491,1.01896,0.0889852
3492,2.36793,-0.0104781
3493,0.681115,-0.835293
3494,1.0385,-0.963453
3495,1.8743,0.297275
3496,3.0874,0.724745
3497,0.298509,-0.593542
3498,1.22754,0.519489
3499,0.757944,0.773614
3500,1.21768,0.0636018
3501,0.2596,-0.882951
3502,2.22357,0.257835
3503,1.99611,0.285697
3504,0.434257,-0.754108
3505,1.08077,-0.268757
3506,3.11386,0.088183
3507,1.3325,-1.09604
3508,2.36579,-0.760092
3509,1.76745,-0.90788
3510,0.649541,-0.867469
3511,1.32433,1.39277
3512,1.15964,1.38086
3513,0.188139,-0.378939
3514,1.23055,0.52434
3515,0.108333,-0.125965
3516,0.321612,0.280131
3517,0.863749,-0.119945
3518,2.33927,1.46774
3519,0.363024,-0.93856
3520,1.42103,-0.648112
3521,1.14026,0.689774
3522,2.9222,0.630033
3523,0.994579,-0.374224
3524,2.39498,1.33434
3525,1.34323,0.983112
3526,0.814409,1.05631
3527,1.73067,-1.23411
3528,2.83688,-1.14044
3529,2.4382,-1.15189
3530,2.81389,-0.570351
3531,0.49021,0.33832
3532,2.37073,1.01677
3533,0.987007,-0.345602
3534,0.38878,-0.953921
3535,2.723,-0.658658
3536,1.98535,-1.13529
3537,2.37301,1.28419
3538,1.71657,1.24562
3539,1.41234,0.342766
3540,0.912934,-0.215618
3541,1.39172,0.962559
3542,0.217545,1.14212
3543,2.0274,-0.700681
3544,0.714369,-0.288936
3545,0.952891,0.277341
3546,0.417204,-0.32632
3547,1.50997,-0.70993
3548,3.01995,1.20318
3549,1.99581,-0.393552
3550,1.80388,-0.205443
3551,0.353527,-0.00181062
3552,0.301264,0.613031
3553,2.43009,-0.26046
3554,1.16318,1.43661
3555,0.467813,-0.095346
3556,2.06013,-0.222157
3557,2.64786,1.05901
3558,1.43153,0.992173
3559,2.10487,-0.110303
3560,0.845493,-0.728125
3561,1.04148,-0.408495
3562,2.20793,1.07232
3563,1.57259,-1.10686
3564,0.302881,-0.662042
3565,1.25824,-0.235021
3566,0.341772,0.0127548
3567,2.24796,-0.389466
3568,2.61746,0.280382
3569,1.21094,-0.0347224
3570,0.161215,1.21124
3571,0.951954,0.0611431
3572,1.09988,0.347028
3573,1.55739,-0.0213016
3574,0.504312,0.778346
3575,1.66751,-0.43364
3576,2.49396,0.84624
3577,3.04943,-0.389892
3578,0.0832479,0.137174
3579,0.426774,0.357262
3580,1.14996,0.130732
3581,0.364176,0.946332
3582,1.77989,0.00670847
3583,1.27452,-0.490186
3584,1.47678,-0.378797
3585,2.82728,0.249892
3586,2.35026,0.729101
3587,2.10492,1.1846
3588,0.20808,0.0513234
3589,0.751693,0.572313
3590,2.37081,0.507258
3591,1.38818,-0.253084
3592,0.23332,1.07745
3593,0.207724,0.081409
3594,1.49741,-1.18651
3595,2.77332,0.574535
3596,2.25409,-0.668556
3597,2.03334,0.948698
3598,1.74661,0.510719
3599,1.08036,-0.0933384
3600,0.152022,1.39521
3601,1.73881,-0.230735
3602,2.98647,-0.536676
3603,2.86188,-0.644712
3604,1.60126,0.511538
3605,0.524265,0.944979
3606,2.91614,0.522044
3607,1.46849,-0.353523
3608,1.78895,1.08138
3609,1.81344,-0.630265
3610,2.21497,0.843414
3611,2.91934,-0.0796111
3612,1.64405,0.673271
3613,2.86267,-0.386213
3614,2.69487,0.191499
3615,1.03767,-0.902372
3616,0.956907,1.30415
3617,0.835439,-1.36537
3618,2.53363,-1.05177
3619,1.94459,0.316414
3620,0.567186,-0.595525
3621,0.0388532,-0.324427
3622,2.26252,-0.509471
3623,2.66111,1.09008
3624,2.54428,-0.100174
3625,1.4385,0.314525
3626,2.29241,-1.03874
3627,0.97568,-1.2378
3628,1.38119,-0.249016
3629,2.40908,0.864832
3630,2.08386,0.484537
3631,2.6863,-1.08828
3632,2.64996,-0.179233
3633,0.806437,-1.36025
3634,2.74577,0.264742
3635,1.18544,0.877965
3636,0.0611059,0.162731
3637,2.00549,0.258823
3638,2.3967,-0.395935
3639,2.88057,0.399402
3640,1.67911,-1.0426
3641,1.30217,-1.32841
3642,1.77918,0.886846
3643,1.2731,-0.0361289
3644,0.169918,0.302121
3645,1.7401,-0.49359
3646,2.0312,0.159955
3647,0.951477,-0.292397
3648,0.912239,0.183891
3649,1.10282,-0.113418
3650,2.32771,0.891063
3651,2.13154,1.30367
3652,1.50411,-0.036189
3653,2.95486,-0.383776
3654,2.56909,-0.396977
3655,0.961134,-0.167188
3656,2.85218,0.470695
3657,1.04691,-0.948418
3658,2.39296,0.705039
3659,1.69684,-0.15733
3660,1.01504,1.29804
3661,0.256637,-0.430185
3662,2.00073,-0.538914
3663,1.37983,1.25393
3664,2.25418,-0.581461
3665,2.84583,-0.475665
3666,1.52054,0.402321
3667,0.287082,-0.291548
3668,1.76106,-0.546681
3669,1.78888,1.39761
3670,0.0578115,0.101497
3671,1.94263,0.487921
3672,0.424687,-0.668315
3673,0.352952,-0.999992
3674,1.20651,-1.03806
3675,0.967822,1.20483
3676,1.6486,0.495071
3677,3.0059,0.264284
3678,0.305572,0.260999
3679,1.35055,0.997426
3680,2.53193,-0.189047
3681,2.95597,0.248443
3682,1.43651,1.22359
3683,0.196381,-0.813898
3684,2.77846,0.170814
3685,0.914667,0.46796
3686,2.06365,-0.746931
3687,1.72104,0.158223
3688,1.41367,1.2791
3689,1.76253,0.329556
3690,1.62852,0.35739
3691,2.19721,0.769687
3692,1.99413,-1.11835
3693,0.507735,0.579653
3694,0.606759,1.15536
3695,1.80961,-0.280889
3696,2.6115,-0.105322
3697,1.02611,-0.930059
3698,0.206012,0.232296
3699,1.37167,0.666271
3700,1.61793,0.558235
3701,0.804849,1.07591
3702,2.40884,-1.30322
3703,0.841511,-0.179582
3704,0.673924,-0.507061
3705,0.367356,0.482273
3706,1.91695,-0.551159
3707,1.37928,0.331096
3708,1.72003,1.44713
3709,0.913182,0.00464525
3710,0.399104,0.114793
3711,0.294171,-0.868844
3712,0.680161,-0.206669
3713,1.02174,-0.49861
3714,0.324628,0.167742
3715,0.971828,0.524848
3716,0.345562,0.384564
3717,1.1855,1.19024
3718,1.87253,0.858227
3719,1.78115,-0.505794
3720,2.51832,0.466303
3721,0.220963,-1.16406
3722,2.9849,-0.652586
3723,0.582039,0.353857
3724,0.871767,-1.14128
3725,2.26159,0.817913
3726,1.20654,0.43422
3727,2.65872,0.360885
3728,2.97037,-1.1563
3729,0.703781,-0.905285
3730,2.64339,1.28359
3731,0.922873,-0.72709
3732,2.14052,1.31729
3733,1.75647,-0.171856
3734,0.661159,0.227384
3735,1.15773,1.00002
3736,2.88193,0.948582
3737,2.65761,-0.310889
3738,1.59005,-0.844898
3739,1.14774,-0.149233
3740,1.18337,-0.0428347
3741,1.44828,0.656193
3742,2.81878,-0.647975
3743,3.12929,0.372979
3744,2.6178,1.43664
3745,1.17578,-0.409744
3746,2.37309,-0.863898
3747,1.52339,0.178684
3748,2.66819,-0.249957
3749,1.1196,-0.620965
3750,0.322589,-0.0436007
3751,2.77827,-0.411384
3752,2.55936,-0.771258
3753,2.39042,0.317424
3754,1.79158,0.390443
3755,1.84548,-0.634332
3756,0.109229,0.477455
3757,2.86821,-0.226068
3758,3.04613,0.77218
3759,2.88241,-0.334921
3760,2.74238,-0.606758
3761,0.751065,-1.1607
3762,0.0416895,0.0289525
3763,1.85991,0.205219
3764,2.38566,-0.118093
3765,0.774514,1.33558
3766,3.11352,-0.350767
3767,0.180073,-1.22989
3768,1.86682,0.0405139
3769,1.86778,-0.476847
3770,2.3325,0.801509
3771,2.89238,0.575032
3772,1.96677,0.0817623
3773,1.64894,-0.60485
3774,1.96426,-0.248115
3775,2.88051,-0.0987272
3776,2.74711,0.522616
3777,1.39282,0.0306834
3778,1.21965,0.428558
3779,2.77243,0.688567
3780,2.17621,0.0012762
3781,2.68244,0.708931
3782,2.5909,-1.20104
3783,1.39699,-0.566296
3784,2.55254,-0.0829941
3785,1.49582,0.452487
3786,0.476796,0.576069
3787,2.08551,1.13176
3788,2.53039,0.163425
3789,0.698905,0.618945
3790,0.0399293,-0.439674
3791,2.84211,0.697123
3792,2.0008,0.0355208
3793,1.69916,0.160285
3794,2.73501,1.08836
3795,2.61294,0.431492
3796,2.36256,0.310079
3797,0.691403,0.8732
3798,1.88681,0.282195
3799,1.89479,0.687547
3800,2.90498,0.465528
3801,1.59654,-0.0211649
3802,1.9048,0.863808
3803,2.59689,1.06904
3804,2.02877,0.324219
3805,2.05393,-0.515824
3806,2.91166,0.814637
3807,0.197993,-0.506614
3808,1.92947,-0.683935
3809,2.43827,0.143361
3810,0.771721,0.000416883
3811,2.38536,0.154754
3812,2.91193,0.145235
3813,1.84548,0.477318
3814,1.86889,0.606076
3815,0.15449,-0.608033
3816,1.1521,-0.0184192
3817,1.6142,0.52514
3818,2.73387,-0.106215
3819,0.0469841,0.68301
3820,0.641671,1.19015
3821,1.81066,-0.936643
3822,1.72842,0.565035
3823,1.80709,-1.17658
3824,1.97845,-0.366963
3825,2.20532,-0.43103
3826,2.27138,0.298651
3827,2.11471,0.902751
3828,2.20532,0.295051
3829,0.746905,-0.163043
3830,1.83858,-0.0671219
3831,1.50659,0.392256
3832,1.91911,0.853222
3833,2.39748,-0.0503395
3834,3.11417,-0.308082
3835,2.89942,0.658079
3836,1.14883,-0.234282
3837,2.98338,-0.49457
3838,2.73774,0.218623
3839,0.221086,-0.65521
3840,1.23178,-1.06379
3841,1.31797,0.129903
3842,2.94023,-0.302634
3843,2.20724,0.888552
3844,0.226336,-0.864492
3845,1.11529,-0.716961
3846,2.14951,0.332726
3847,0.6826,-0.0751625
3848,2.53834,-0.943001
3849,1.10754,0.49199
3850,3.13726,0.149512
3851,0.466005,-0.124379
3852,2.46254,-0.403196
3853,0.228786,-0.356284
3854,2.75639,-0.496089
3855,2.16253,-0.0273239
3856,0.455248,-0.614208
3857,0.749245,0.443607
3858,0.73937,-0.429379
3859,2.03687,-0.758528
3860,1.58165,0.0571678
3861,0.777984,-0.0242032
3862,2.27477,0.260556
3863,0.766782,-0.441902
3864,1.42091,1.21078
3865,0.697788,-0.969343
3866,2.23951,0.831859
3867,0.626956,0.377756
3868,1.642,0.082536
3869,1.54085,1.12699
3870,2.19491,-1.35793
3871,2.33665,-0.66182
3872,1.62125,-1.0617
3873,0.52433,-0.607486
3874,2.3766,0.189075
3875,1.23049,1.33274
3876,2.99344,0.306377
3877,2.32477,-0.616243
3878,1.1077,-0.361165
3879,0.167118,-0.50619
3880,0.902758,0.92442
3881,0.00909619,0.0296895
3882,2.39753,0.535659
3883,1.97865,-0.52425
3884,1.78402,0.236289
3885,0.203984,-0.221966
3886,0.44929,0.697177
3887,2.49953,0.0883113
3888,1.24851,0.570278
3889,2.70885,-0.744791
3890,1.78609,-0.667153
3891,1.82812,0.487866
3892,1.64186,0.657311
3893,1.13139,-0.0395948
3894,2.29424,-0.322773
3895,0.453041,-0.21294
3896,1.59511,-0.405309
3897,1.73575,0.167821
3898,0.737965,0.697459
3899,0.502021,0.564071
3900,0.0304408,0.18685
3901,2.65492,-0.168821
3902,0.308088,0.313086
3903,2.95864,0.459041
3904,1.13601,0.0773176
3905,1.32854,-0.295268
3906,0.157929,1.32207
3907,2.27356,-0.104589
3908,0.382391,0.00991463
3909,2.74621,0.0177199
3910,1.99515,-0.553939
3911,0.0910778,0.319043
3912,1.06943,0.170232
3913,0.918899,0.902545
3914,2.34112,0.267825
3915,0.0514619,0.690587
3916,0.438334,0.408322
3917,1.02202,0.618325
3918,0.718444,0.309878
3919,0.695655,0.83405
3920,2.94871,-0.864761
3921,2.40735,0.162029
3922,2.29465,-0.18103
3923,0.972019,0.682116
3924,0.168181,-0.85496
3925,2.13151,-0.036523
3926,0.453839,-1.12005
3927,2.41272,-1.03677
3928,2.34602,0.543227
3929,1.46658,-0.76243
3930,0.892427,-0.323876
3931,1.01945,-0.997114
3932,2.3053,0.524736
3933,2.29604,-1.08121
3934,0.379802,0.265137
3935,2.54717,-1.28464
3936,2.95673,0.448224
3937,2.40786,0.0935958
3938,2.10119,0.325703
3939,0.833445,-1.03948
3940,3.1038,-0.738461
3941,1.90064,0.0740378
3942,2.99549,0.937863
3943,1.66671,-0.318535
3944,1.44877,0.0412053
3945,0.00427703,-0.659605
3946,1.1732,0.314842
3947,2.50992,0.0310428
3948,0.770188,-0.979871
3949,1.96695,1.0758
3950,1.61184,1.17224
3951,2.56453,0.00515009
3952,0.108938,0.275917
3953,2.58194,-0.505692
3954,0.979396,0.426046
3955,2.72422,0.099323
3956,2.33886,-1.45159
3957,2.19506,-0.74667
3958,1.71102,-0.2274
3959,3.05348,0.213377
3960,0.439417,-0.61283
3961,0.0382221,1.11301
3962,2.97065,0.0821254
3963,0.444081,0.166189
3964,0.961481,0.175762
3965,0.970291,0.189726
3966,2.65371,-0.563031
3967,0.49292,0.244317
3968,2.83731,0.775013
3969,2.7643,0.242283
3970,1.72391,-1.37361
3971,0.0811988,-0.99178
3972,2.01075,0.529936
3973,1.68602,0.576501
3974,0.648324,-0.778023
3975,2.8275,-0.855396
3976,0.793777,0.749999
3977,1.06035,-0.293354
3978,2.13604,0.322964
3979,1.92324,-0.349009
3980,2.66675,-0.361289
3981,1.22397,-0.192166
3982,1.90165,-0.613971
3983,1.80602,0.000900736
3984,2.06627,-1.17347
3985,2.71744,-0.300643
3986,0.519632,0.312082
3987,2.92216,-0.0920204
3988,0.471907,0.732756
3989,1.15194,-0.54073
3990,2.64856,0.0544993
3991,1.02443,-0.325145
3992,0.849961,0.178044
3993,2.1585,-0.770852
3994,3.03338,-0.556182
3995,1.43126,-0.64706
3996,1.77694,0.0345046
3997,1.84386,-0.716711
3998,0.82945,0.082287
3999,0.205581,0.781167
4000,0.79761,0.24539
4001,2.19639,-1.34667
4002,1.85939,-0.8979
4003,1.35443,-0.0605492
4004,2.15631,0.565791
4005,0.214227,0.658505
4006,0.965487,1.43589
4007,1.84227,-0.884184
4008,2.449,0.422856
4009,1.82016,0.469037
4010,1.01503,1.20959
4011,1.46055,0.387489
4012,0.111484,0.00638555
4013,2.63543,-1.04108
4014,1.86712,0.730508
4015,1.45679,0.375376
4016,2.88655,0.220608
4017,0.656178,0.328609
4018,0.723741,1.14539
4019,0.457184,-0.0122502
4020,2.79096,0.454902
4021,0.0776416,0.0764243
4022,0.827199,-0.671972
4023,0.560114,0.821452
4024,1.53884,-0.924175
4025,2.9089,0.243277
4026,3.12636,0.383341
4027,1.87223,1.06562
4028,0.576536,0.0872578
4029,2.01924,0.474807
4030,3.01139,-0.164008
4031,1.64108,-0.506326
4032,2.70242,-0.70833
4033,2.31952,-0.714351
4034,2.22575,0.0757544
4035,1.57627,-0.500097
4036,2.54223,1.1881
4037,0.339031,-0.132836
4038,0.920298,-0.192013
4039,0.249126,-0.491522
4040,0.209864,-0.841358
4041,1.99419,-0.867066
4042,2.89269,-1.00245
4043,3.12408,-1.34684
4044,1.51407,-0.439821
4045,0.609227,-0.354735
4046,1.41958,0.927985
4047,1.73004,-0.693534
4048,2.74868,-0.187383
4049,0.823094,0.354402
4050,2.43273,-0.142368
4051,1.85367,0.489743
4052,2.75855,-0.505183
4053,0.187229,-1.17032
4054,0.249287,0.0212011
4055,2.53499,-1.40882
4056,0.0653131,1.07563
4057,1.9256,0.0558178
4058,2.61439,-0.867638
4059,2.89261,0.482751
4060,2.17709,0.271066
4061,2.68225,-0.0897598
4062,0.242089,0.936586
4063,0.595146,-0.361548
4064,2.12638,-1.14756
4065,1.72186,-1.30327
4066,2.4593,-0.873377
4067,2.96124,-0.559964
4068,2.62251,0.806774
4069,0.479528,-0.593731
4070,2.3426,1.23803
4071,3.12006,0.147427
4072,0.453508,-0.41828
4073,1.84134,1.21932
4074,1.07086,0.227519
4075,2.05589,-1.36947
4076,0.408002,-0.10114
4077,2.35359,0.576651
4078,2.38743,-0.631761
4079,2.99077,0.529406
4080,0.251569,-0.391414
4081,2.49187,-0.2138
4082,1.17659,-0.134065
4083,1.77212,-0.902032
4084,1.05778,0.20775
4085,1.2707,0.743636
4086,2.83295,1.04483
4087,0.575341,-0.219936
4088,1.34444,-0.431516
4089,0.507692,-0.238775
4090,0.842582,0.447807
4091,1.99432,-0.488842
4092,2.99252,-0.188485
4093,0.793974,-0.795863
4094,1.0005,0.379404
4095,2.25542,-1.33555
